,Rk,Unnamed: 1,Age,G,MP,PER,TS%,3PAr,FTr,ORB%,DRB%,TRB%,AST%,STL%,BLK%,TOV%,USG%,OWS,DWS,WS,WS/48,OBPM,DBPM,BPM,VORP,team_name
0,1,Kyle Lowry,35,39,1333,14.6,0.555,0.588,0.263,2.0,12.7,7.3,35.3,1.5,1.2,20.2,19.6,1.9,1.5,3.4,0.121,0.8,0.2,1.0,1.0,MIA
1,2,Tyler Herro,22,38,1250,15.6,0.54,0.382,0.179,2.3,14.4,8.3,20.9,1.0,0.5,12.7,29.6,0.6,1.2,1.8,0.069,1.3,-1.4,-0.1,0.6,MIA
2,3,Duncan Robinson,27,44,1222,10.9,0.557,0.838,0.089,1.7,11.3,6.5,8.0,1.3,0.8,7.3,18.3,1.1,1.2,2.3,0.089,-0.3,-0.3,-0.6,0.4,MIA
3,4,P.J. Tucker,36,41,1161,12.5,0.615,0.484,0.155,6.3,15.8,11.1,10.9,1.4,1.0,12.7,11.8,1.9,1.3,3.2,0.133,0.1,1.0,1.1,0.9,MIA
4,5,Jimmy Butler,32,29,971,25.6,0.585,0.124,0.505,5.9,14.3,10.1,30.0,2.8,1.4,9.6,26.7,3.7,1.4,5.2,0.255,5.5,2.3,7.8,2.4,MIA
5,6,Max Strus,25,36,862,14.2,0.618,0.734,0.125,2.0,14.1,8.0,8.2,0.6,0.9,7.2,18.7,1.5,0.8,2.3,0.128,2.0,-0.8,1.2,0.7,MIA
6,7,Gabe Vincent,25,38,857,12.2,0.567,0.602,0.134,2.0,7.5,4.7,20.5,2.1,1.3,16.4,18.6,0.7,0.9,1.6,0.092,-1.1,0.4,-0.8,0.3,MIA
7,8,Caleb Martin,26,37,856,16.0,0.611,0.381,0.224,6.1,13.1,9.6,6.1,2.3,2.6,9.2,16.8,1.4,1.2,2.7,0.149,0.5,0.9,1.4,0.7,MIA
8,9,Bam Adebayo,24,22,723,19.6,0.581,0.003,0.466,8.7,25.1,16.9,16.6,1.9,1.8,15.9,25.4,1.1,1.2,2.3,0.15,0.7,1.5,2.2,0.8,MIA
9,10,Dewayne Dedmon,32,40,672,17.9,0.664,0.118,0.315,12.6,28.8,20.7,7.0,1.2,3.3,16.8,16.1,1.4,1.1,2.6,0.183,-0.4,0.6,0.2,0.4,MIA
10,11,Omer Yurtseven,23,36,545,18.1,0.545,0.037,0.266,13.6,34.1,23.9,11.8,1.4,3.6,13.9,19.8,0.7,1.0,1.7,0.153,-1.2,0.6,-0.5,0.2,MIA
11,12,KZ Okpala,22,21,244,10.7,0.521,0.377,0.159,5.1,13.8,9.5,8.3,0.8,3.1,6.3,14.3,0.2,0.3,0.5,0.1,-2.7,0.1,-2.6,0.0,MIA
12,13,Markieff Morris,32,10,187,10.6,0.533,0.314,0.071,7.8,9.0,8.4,11.6,0.8,0.6,14.3,19.9,0.1,0.1,0.2,0.055,-1.3,-0.4,-1.7,0.0,MIA
13,14,Kyle Guy,24,9,137,14.2,0.618,0.604,0.104,0.8,7.4,4.1,16.9,1.5,0.8,10.7,18.2,0.3,0.1,0.4,0.131,0.1,0.4,0.5,0.1,MIA
14,15,Marcus Garrett,23,12,128,4.8,0.28,0.19,0.238,7.9,12.3,10.1,7.0,2.0,2.6,7.9,8.7,-0.1,0.2,0.1,0.03,-6.0,0.8,-5.2,-0.1,MIA
15,16,Chris Silva,25,7,63,16.2,0.69,0.0,0.769,17.9,28.6,23.2,6.9,0.0,0.0,18.7,15.0,0.2,0.1,0.3,0.203,-2.3,-0.6,-2.8,0.0,MIA
16,17,Udonis Haslem,41,8,52,14.7,0.563,0.1,0.15,8.7,28.1,18.4,6.2,1.0,2.1,8.6,19.9,0.1,0.1,0.2,0.141,-2.5,0.4,-2.2,0.0,MIA
17,18,Haywood Highsmith,25,4,42,11.0,0.75,0.875,0.0,5.4,8.0,6.7,0.0,0.0,2.6,0.0,8.4,0.1,0.0,0.1,0.138,0.2,-0.9,-0.7,0.0,MIA
18,19,Nik Stauskas,28,2,24,13.6,0.564,0.5,0.5,4.7,9.4,7.0,6.0,0.0,0.0,0.0,18.0,0.1,0.0,0.1,0.148,0.3,-1.4,-1.0,0.0,MIA
0,1,DeMar DeRozan,32,42,1463,23.1,0.582,0.093,0.413,2.5,13.3,7.9,23.5,1.1,0.9,8.8,31.2,4.1,1.1,5.2,0.17,3.4,-1.0,2.4,1.6,CHI
1,2,Zach LaVine,26,39,1327,21.0,0.609,0.393,0.254,1.0,14.6,7.8,21.0,0.9,0.9,12.2,30.0,2.6,1.0,3.6,0.129,4.5,-1.3,3.2,1.8,CHI
2,3,Nikola Vučević,31,39,1296,17.7,0.502,0.323,0.094,6.7,30.7,18.7,16.2,1.5,3.2,9.3,24.0,0.5,2.0,2.5,0.094,0.7,0.2,0.9,1.0,CHI
3,4,Lonzo Ball,24,35,1212,14.8,0.575,0.679,0.073,3.2,14.1,8.6,20.4,2.6,2.2,17.2,17.3,1.1,1.5,2.6,0.102,1.2,1.4,2.6,1.4,CHI
4,5,Ayo Dosunmu,22,42,944,11.4,0.629,0.352,0.185,1.9,10.6,6.2,11.9,1.1,1.6,16.0,13.9,0.9,0.7,1.6,0.082,-1.6,-0.2,-1.7,0.1,CHI
5,6,Alex Caruso,27,28,775,14.0,0.563,0.478,0.324,3.6,11.8,7.7,18.7,3.4,1.2,16.1,14.0,0.9,1.0,2.0,0.121,-1.0,2.8,1.7,0.7,CHI
6,7,Coby White,21,28,762,12.6,0.556,0.52,0.179,1.2,10.7,5.9,14.0,1.0,0.9,10.4,20.5,0.6,0.5,1.1,0.068,-1.0,-1.7,-2.7,-0.1,CHI
7,8,Javonte Green,28,30,668,11.9,0.591,0.258,0.328,7.3,13.4,10.3,5.7,1.9,1.7,10.4,10.7,1.0,0.7,1.7,0.119,-1.6,0.6,-1.1,0.2,CHI
8,9,Troy Brown Jr.,22,35,580,10.5,0.511,0.466,0.151,4.2,16.1,10.2,10.1,1.8,0.6,9.8,13.1,0.3,0.6,0.9,0.073,-1.8,0.0,-1.8,0.0,CHI
9,10,Derrick Jones Jr.,24,31,533,15.7,0.689,0.303,0.377,7.7,13.8,10.8,4.2,1.4,3.8,10.1,13.0,1.3,0.6,1.9,0.172,-0.2,0.9,0.7,0.4,CHI
10,11,Tony Bradley,24,33,397,14.7,0.588,0.0,0.185,12.2,25.3,18.7,6.6,0.9,5.3,18.8,13.5,0.4,0.6,1.0,0.12,-1.9,0.5,-1.5,0.1,CHI
11,12,Matt Thomas,27,23,282,11.3,0.589,0.663,0.151,0.8,9.8,5.3,6.9,1.0,0.3,6.1,15.2,0.3,0.2,0.5,0.082,-0.2,-1.3,-1.5,0.0,CHI
12,13,Alfonzo McKinnie,29,14,200,6.2,0.47,0.441,0.102,7.2,9.4,8.3,3.4,0.5,1.3,10.2,15.1,-0.1,0.1,0.0,0.002,-5.1,-3.4,-8.5,-0.3,CHI
13,14,Tyler Cook,24,12,154,14.0,0.685,0.0,0.75,8.6,21.5,15.0,2.6,1.3,1.7,13.9,12.3,0.3,0.2,0.5,0.154,-2.5,-0.5,-3.0,0.0,CHI
14,15,Patrick Williams,20,5,125,9.5,0.666,0.261,0.174,0.9,8.8,4.9,3.2,1.2,1.4,7.5,9.4,0.2,0.1,0.2,0.093,-2.5,0.4,-2.1,0.0,CHI
15,16,Alize Johnson,25,16,121,10.4,0.537,0.087,0.304,14.6,18.2,16.4,8.8,1.2,0.0,23.5,12.4,0.1,0.1,0.2,0.075,-3.1,-0.8,-3.9,-0.1,CHI
16,17,Devon Dotson,22,11,85,10.1,0.538,0.391,0.391,1.3,10.4,5.8,24.3,0.6,0.0,15.6,16.5,0.1,0.0,0.1,0.063,-3.1,-1.5,-4.6,-0.1,CHI
17,18,Malcolm Hill,26,6,77,9.2,0.557,0.611,0.333,7.2,7.2,7.2,5.2,0.6,0.0,4.6,12.3,0.1,0.0,0.1,0.093,-3.1,-2.5,-5.6,-0.1,CHI
18,19,Marko Simonovic,22,9,35,10.5,0.428,0.333,0.733,15.8,15.7,15.8,0.0,1.4,2.5,9.2,27.4,0.0,0.0,0.0,0.006,-5.8,-5.1,-10.9,-0.1,CHI
19,20,Mac McClung,23,1,3,9.1,1.0,0.0,0.0,0.0,0.0,0.0,0.0,0.0,0.0,50.0,29.2,0.0,0.0,0.0,-0.245,-6.7,-8.5,-15.2,0.0,CHI
20,21,Jordan Bell,27,1,2,29.9,,,,55.2,0.0,27.6,0.0,24.4,0.0,,0.0,0.0,0.0,0.0,0.612,-7.8,10.6,2.9,0.0,CHI
0,1,James Harden,32,41,1515,21.4,0.583,0.44,0.509,2.8,19.6,11.6,39.8,1.7,1.7,19.7,28.3,3.1,1.8,4.9,0.155,4.1,0.3,4.4,2.4,BRK
1,2,Patty Mills,33,45,1395,12.7,0.602,0.696,0.071,0.8,6.4,3.7,11.4,1.0,0.8,8.2,17.0,2.0,0.6,2.7,0.092,1.1,-1.5,-0.4,0.6,BRK
2,3,Kevin Durant,33,36,1313,26.2,0.626,0.247,0.35,1.7,19.4,10.9,27.2,1.0,2.3,11.3,31.2,4.5,1.4,5.8,0.214,6.7,0.6,7.3,3.1,BRK
3,4,Bruce Brown,25,37,788,12.3,0.537,0.161,0.156,6.8,14.8,11.0,7.2,2.5,2.1,10.0,13.7,0.7,1.0,1.7,0.102,-2.6,1.2,-1.4,0.1,BRK
4,5,DeAndre' Bembry,27,40,769,12.8,0.619,0.171,0.177,4.1,13.0,8.7,8.4,2.6,2.4,12.4,11.3,0.9,1.0,1.9,0.118,-1.7,1.7,0.0,0.4,BRK
5,6,LaMarcus Aldridge,36,33,757,20.9,0.615,0.106,0.171,7.4,18.1,13.0,6.5,0.8,4.2,7.4,22.4,1.7,0.8,2.6,0.162,1.9,-0.6,1.4,0.7,BRK
6,7,Blake Griffin,32,36,656,12.3,0.469,0.466,0.267,6.9,18.5,12.9,15.1,1.3,1.5,6.5,16.2,0.6,0.7,1.3,0.096,-1.7,0.2,-1.6,0.1,BRK
7,8,Cam Thomas,20,35,607,10.7,0.507,0.379,0.144,1.1,13.2,7.4,8.3,1.4,0.6,9.1,20.2,-0.2,0.5,0.3,0.026,-2.5,-1.4,-3.8,-0.3,BRK
8,9,James Johnson,34,31,533,10.1,0.502,0.238,0.131,6.1,14.7,10.6,13.0,1.2,1.8,11.6,12.6,0.3,0.5,0.8,0.074,-2.5,0.0,-2.5,-0.1,BRK
9,10,Nic Claxton,22,20,443,18.3,0.661,0.0,0.32,9.6,16.5,13.2,6.2,1.2,4.5,9.7,15.0,1.1,0.5,1.6,0.176,0.1,0.0,0.2,0.2,BRK
10,11,Joe Harris,30,14,423,9.9,0.624,0.71,0.048,1.3,12.4,7.1,4.5,0.8,0.4,11.2,14.6,0.3,0.3,0.6,0.067,-0.8,-0.7,-1.5,0.0,BRK
11,12,Jevon Carter,26,35,395,5.3,0.41,0.717,0.035,2.0,10.9,6.7,10.0,1.6,1.8,12.2,14.3,-0.5,0.3,-0.1,-0.014,-4.7,-0.4,-5.2,-0.3,BRK
12,13,Kessler Edwards,21,15,387,10.7,0.567,0.495,0.009,5.2,12.0,8.7,4.2,1.7,2.3,12.1,13.9,0.2,0.4,0.6,0.069,-1.2,-0.6,-1.8,0.0,BRK
13,14,Paul Millsap,36,24,270,11.4,0.443,0.318,0.2,12.1,22.9,17.7,11.9,0.9,3.6,10.6,16.5,0.1,0.3,0.4,0.078,-3.4,0.3,-3.1,-0.1,BRK
14,15,Day'Ron Sharpe,20,21,258,20.8,0.61,0.029,0.223,22.2,20.7,21.4,4.3,1.1,4.1,16.3,22.6,0.5,0.3,0.8,0.156,-1.1,-2.7,-3.8,-0.1,BRK
15,16,David Duke Jr.,22,14,244,11.3,0.462,0.321,0.218,12.4,12.7,12.5,7.1,1.4,2.2,8.6,16.5,0.1,0.2,0.4,0.072,-2.3,-1.6,-3.9,-0.1,BRK
16,17,Kyrie Irving,29,7,242,20.4,0.583,0.304,0.096,1.4,13.2,7.5,25.4,1.4,0.7,9.6,27.8,0.5,0.2,0.7,0.13,3.1,-1.9,1.2,0.2,BRK
17,18,Langston Galloway,30,4,58,2.0,0.462,0.615,0.0,1.9,12.4,7.4,11.0,0.0,0.0,27.8,13.4,-0.1,0.0,-0.1,-0.066,-7.4,-2.9,-10.3,-0.1,BRK
18,19,Shaquille Harrison,28,2,23,4.7,0.333,0.333,0.0,4.9,13.4,9.3,16.7,2.1,3.8,25.0,15.0,-0.1,0.0,0.0,-0.061,-8.7,0.7,-8.1,0.0,BRK
19,20,James Ennis III,31,2,14,15.0,0.357,0.286,0.0,16.1,22.1,19.2,0.0,3.5,6.3,0.0,21.6,0.0,0.0,0.0,0.043,-0.3,-0.6,-0.8,0.0,BRK
20,21,Wenyen Gabriel,24,1,1,11.7,,,,0.0,100.0,53.7,0.0,0.0,0.0,,0.0,0.0,0.0,0.0,0.173,-1.7,0.0,-1.7,0.0,BRK
0,1,Giannis Antetokounmpo,27,39,1276,30.9,0.611,0.204,0.576,5.9,29.5,18.0,34.4,1.5,4.5,13.0,35.2,4.8,2.4,7.2,0.271,6.8,3.7,10.4,4.0,MIL
1,2,Pat Connaughton,29,46,1270,14.2,0.633,0.73,0.101,2.7,14.2,8.6,7.2,1.7,1.0,7.3,13.9,2.3,1.4,3.8,0.142,1.0,0.6,1.6,1.1,MIL
2,3,Khris Middleton,30,37,1182,19.0,0.581,0.41,0.314,2.1,16.1,9.3,26.5,1.7,1.0,15.5,27.4,1.9,1.4,3.4,0.137,2.2,0.0,2.2,1.3,MIL
3,4,Jrue Holiday,31,36,1174,19.9,0.574,0.313,0.168,3.1,11.5,7.4,31.9,2.3,1.7,14.4,24.3,2.2,1.5,3.7,0.15,2.7,0.5,3.1,1.5,MIL
4,5,Grayson Allen,26,41,1152,12.9,0.58,0.694,0.124,1.8,10.5,6.2,6.9,1.4,1.3,5.9,16.5,1.6,1.1,2.7,0.113,0.4,-0.1,0.3,0.7,MIL
5,6,Bobby Portis,26,40,1148,18.4,0.571,0.369,0.159,10.8,23.3,17.2,7.0,1.2,3.0,10.7,21.9,1.8,1.7,3.5,0.146,1.0,-0.9,0.2,0.6,MIL
6,7,George Hill,35,39,1006,11.0,0.568,0.498,0.211,3.6,9.4,6.6,13.0,1.4,0.5,12.4,12.1,1.3,0.9,2.2,0.104,-1.8,0.3,-1.5,0.1,MIL
7,8,Jordan Nwora,23,37,751,11.3,0.517,0.51,0.064,3.5,17.0,10.4,7.5,1.2,1.7,11.0,19.6,-0.1,0.9,0.8,0.05,-1.9,-0.8,-2.7,-0.1,MIL
8,9,Rodney Hood,29,35,549,7.4,0.492,0.628,0.116,2.3,9.8,6.2,7.0,1.0,0.5,5.2,10.5,0.3,0.4,0.7,0.061,-2.9,-0.1,-3.0,-0.1,MIL
9,10,Wesley Matthews,35,21,432,9.7,0.597,0.71,0.075,3.2,7.5,5.4,5.1,1.2,1.1,7.5,11.8,0.5,0.3,0.8,0.094,-1.5,-0.1,-1.6,0.0,MIL
10,11,Thanasis Antetokounmpo,29,28,332,10.1,0.497,0.134,0.293,9.6,14.4,12.1,7.9,1.9,2.1,15.5,14.1,0.1,0.4,0.5,0.078,-4.8,0.8,-4.0,-0.2,MIL
11,12,Semi Ojeleye,27,17,291,4.2,0.334,0.582,0.164,9.2,11.2,10.2,2.2,0.8,1.7,6.5,11.3,-0.2,0.3,0.0,0.002,-5.5,-1.9,-7.3,-0.4,MIL
12,13,DeMarcus Cousins,31,17,287,19.7,0.572,0.407,0.322,8.9,26.3,17.8,9.7,2.7,2.7,10.6,22.5,0.5,0.6,1.1,0.183,-0.1,0.9,0.8,0.2,MIL
13,14,Sandro Mamukelashvili,22,24,273,12.4,0.536,0.467,0.16,10.1,9.7,9.9,6.6,1.2,2.2,10.1,14.0,0.3,0.3,0.6,0.106,-0.5,-0.5,-1.0,0.1,MIL
14,15,Justin Robinson,24,17,198,4.5,0.415,0.649,0.035,1.1,5.7,3.4,14.2,2.0,0.0,16.0,14.9,-0.2,0.2,-0.1,-0.019,-6.2,-0.4,-6.6,-0.2,MIL
15,16,Donte DiVincenzo,25,10,189,9.0,0.446,0.672,0.313,7.3,15.6,11.6,10.7,1.5,1.6,14.6,20.2,-0.1,0.2,0.1,0.024,-3.3,-1.2,-4.5,-0.1,MIL
16,17,Javonte Smart,22,13,160,2.6,0.34,0.419,0.14,2.7,9.6,6.2,11.4,1.2,1.2,16.5,14.6,-0.3,0.1,-0.2,-0.061,-7.2,-0.8,-8.0,-0.2,MIL
17,18,Langston Galloway,30,3,49,-0.6,0.077,0.615,0.0,4.3,16.6,10.6,17.4,1.0,0.0,7.1,12.2,-0.2,0.0,-0.1,-0.124,-8.4,-0.4,-8.8,-0.1,MIL
18,19,Georgios Kalaitzakis,23,9,48,6.1,0.535,0.364,0.818,8.9,8.5,8.7,0.0,1.0,2.0,21.1,16.9,0.0,0.0,0.0,0.001,-5.8,-2.1,-7.9,-0.1,MIL
19,20,Brook Lopez,33,1,28,11.8,0.444,0.444,0.0,7.6,10.9,9.3,0.0,1.7,10.5,0.0,13.8,0.0,0.0,0.1,0.094,-3.2,0.7,-2.5,0.0,MIL
20,21,Lindell Wigginton,23,1,5,28.2,1.0,0.0,0.0,0.0,20.4,10.4,0.0,9.7,0.0,0.0,8.6,0.0,0.0,0.0,0.322,0.8,14.0,14.8,0.0,MIL
21,22,Luke Kornet,26,1,3,-5.1,0.0,0.0,0.0,35.5,0.0,17.4,0.0,0.0,0.0,0.0,14.3,0.0,0.0,0.0,-0.153,-14.1,-10.4,-24.4,0.0,MIL
22,23,Jeff Dowtin,24,1,3,-13.1,0.0,1.0,0.0,0.0,0.0,0.0,0.0,0.0,0.0,0.0,14.3,0.0,0.0,0.0,-0.342,-15.5,-6.8,-22.3,0.0,MIL
23,24,Javin DeLaurier,23,1,3,15.7,,,,0.0,34.0,17.4,0.0,16.1,0.0,,0.0,0.0,0.0,0.0,0.275,-4.7,11.8,7.1,0.0,MIL
0,1,Darius Garland,22,42,1464,17.8,0.572,0.423,0.154,1.8,8.3,5.1,38.3,1.8,0.2,17.9,26.3,2.0,1.8,3.8,0.124,2.7,-0.5,2.3,1.6,CLE
1,2,Evan Mobley,20,40,1376,16.0,0.553,0.116,0.273,6.0,19.3,12.9,11.9,1.1,4.3,12.6,19.8,1.1,2.4,3.5,0.123,-0.5,1.8,1.3,1.1,CLE
2,3,Jarrett Allen,23,40,1309,23.4,0.709,0.021,0.446,11.7,24.2,18.2,9.2,1.3,3.8,14.2,17.9,4.1,2.5,6.6,0.243,2.8,1.6,4.4,2.1,CLE
3,4,Lauri Markkanen,24,38,1148,14.2,0.557,0.522,0.169,4.0,14.7,9.5,7.3,1.3,1.6,6.3,18.9,1.4,1.6,3.1,0.129,0.3,0.3,0.6,0.8,CLE
4,5,Ricky Rubio,31,34,970,14.4,0.488,0.423,0.251,1.7,13.6,7.9,34.4,2.5,0.6,16.5,24.7,0.1,1.6,1.7,0.086,-0.8,1.2,0.4,0.6,CLE
5,6,Isaac Okoro,21,33,937,10.1,0.55,0.383,0.329,4.4,8.3,6.4,8.7,1.4,0.9,12.1,14.6,0.7,1.1,1.8,0.092,-2.9,0.8,-2.1,0.0,CLE
6,7,Kevin Love,33,40,857,22.4,0.614,0.621,0.333,5.5,30.0,18.2,16.0,0.7,0.8,9.9,25.8,2.5,1.5,3.9,0.221,6.3,0.7,7.0,2.0,CLE
7,8,Cedi Osman,26,36,802,13.5,0.554,0.637,0.203,2.1,9.5,5.9,11.3,2.1,0.9,8.1,20.2,0.8,1.1,1.9,0.113,-0.2,1.3,1.1,0.6,CLE
8,9,Dean Wade,25,33,625,9.7,0.549,0.642,0.146,4.3,13.7,9.2,7.6,1.4,0.4,7.6,11.1,0.6,0.8,1.4,0.111,-2.0,1.2,-0.8,0.2,CLE
9,10,Lamar Stevens,24,32,485,10.5,0.534,0.268,0.168,5.6,11.0,8.4,6.4,1.2,1.3,10.1,16.1,0.2,0.6,0.8,0.083,-2.7,0.5,-2.2,0.0,CLE
10,11,Dylan Windler,25,32,335,10.0,0.603,0.716,0.122,4.0,15.0,9.7,10.2,1.2,0.5,14.3,11.9,0.4,0.4,0.8,0.116,-1.7,1.4,-0.4,0.1,CLE
11,12,Collin Sexton,23,11,316,11.5,0.523,0.298,0.258,4.6,7.6,6.2,11.9,1.6,0.0,15.6,27.6,-0.3,0.4,0.1,0.012,-3.2,-0.6,-3.8,-0.1,CLE
12,13,Denzel Valentine,28,22,204,8.6,0.516,0.71,0.0,4.9,14.9,10.1,7.5,1.7,0.0,13.9,15.5,0.0,0.3,0.3,0.06,-2.6,0.3,-2.3,0.0,CLE
13,14,Kevin Pangos,29,20,161,7.3,0.417,0.578,0.089,1.4,5.8,3.7,25.4,0.9,0.0,13.0,14.6,0.0,0.1,0.1,0.039,-4.0,-1.4,-5.5,-0.1,CLE
14,15,Brandon Goodwin,26,9,136,12.8,0.406,0.294,0.196,4.9,11.5,8.4,31.0,3.3,0.0,9.8,19.8,0.0,0.2,0.2,0.078,-3.0,1.6,-1.4,0.0,CLE
15,16,Ed Davis,32,14,131,9.8,0.599,0.0,0.571,6.0,28.8,17.8,3.0,1.1,4.7,14.6,6.9,0.1,0.3,0.4,0.137,-4.5,3.3,-1.3,0.0,CLE
16,17,Rajon Rondo,35,4,83,16.7,0.636,0.607,0.214,1.4,18.9,10.4,30.5,2.4,0.0,22.7,20.9,0.1,0.1,0.3,0.157,1.0,2.6,3.6,0.1,CLE
17,18,Tacko Fall,26,11,59,11.4,0.398,0.0,0.583,13.3,28.4,21.1,4.6,0.0,9.0,16.6,13.4,-0.1,0.1,0.1,0.059,-4.0,0.7,-3.4,0.0,CLE
18,19,Justin Anderson,28,3,47,10.9,0.666,0.75,0.5,0.0,13.4,6.9,17.2,1.1,0.0,17.0,11.0,0.1,0.1,0.1,0.14,-2.9,0.4,-2.6,0.0,CLE
19,20,RJ Nembhard Jr.,22,6,42,10.5,0.463,0.091,0.182,0.0,5.0,2.6,33.6,0.0,0.0,7.8,13.4,0.1,0.0,0.1,0.096,-2.9,-1.4,-4.3,0.0,CLE
20,21,Luke Kornet,26,2,15,8.9,0.316,0.2,0.6,15.0,7.0,10.8,8.8,0.0,5.9,0.0,18.5,0.0,0.0,0.0,0.025,-6.6,-3.2,-9.8,0.0,CLE
21,22,Tre Scott,25,2,11,20.7,0.5,0.167,0.0,10.2,9.5,9.8,0.0,4.5,8.1,0.0,23.9,0.0,0.0,0.0,0.157,-4.7,1.8,-2.9,0.0,CLE
22,23,Malik Newman,24,1,8,29.3,0.68,0.2,0.4,0.0,13.1,6.8,27.6,0.0,0.0,14.5,37.7,0.0,0.0,0.0,0.206,6.8,0.0,6.9,0.0,CLE
0,1,Seth Curry,31,40,1392,15.1,0.63,0.464,0.155,1.2,9.5,5.4,17.7,1.1,0.6,13.1,18.7,2.4,0.9,3.3,0.113,0.8,-1.0,-0.3,0.6,PHI
1,2,Tyrese Maxey,21,39,1377,15.9,0.564,0.258,0.237,1.2,9.4,5.4,19.8,0.9,1.3,7.4,20.4,2.5,0.9,3.4,0.119,0.9,-0.7,0.2,0.8,PHI
2,3,Tobias Harris,29,37,1294,17.4,0.546,0.241,0.254,3.6,19.6,11.7,17.6,0.9,1.5,8.9,23.6,1.7,1.3,3.0,0.113,0.9,-0.7,0.3,0.8,PHI
3,4,Joel Embiid,27,35,1149,31.2,0.612,0.18,0.567,6.8,28.9,18.0,24.4,1.5,3.8,11.1,36.1,4.3,1.9,6.2,0.257,7.2,1.9,9.1,3.2,PHI
4,5,Furkan Korkmaz,24,42,1013,11.4,0.506,0.563,0.149,1.4,12.7,7.1,14.6,1.3,0.4,8.5,18.4,0.3,0.8,1.1,0.052,-1.5,-1.1,-2.5,-0.1,PHI
5,6,Georges Niang,28,42,969,11.5,0.574,0.634,0.124,1.8,11.1,6.5,8.8,1.1,0.8,7.7,17.6,1.0,0.7,1.7,0.084,-0.9,-1.0,-2.0,0.0,PHI
6,7,Matisse Thybulle,24,32,825,11.0,0.569,0.513,0.083,2.2,8.2,5.2,5.7,3.6,4.0,12.5,10.1,0.3,1.3,1.5,0.09,-2.6,3.4,0.9,0.6,PHI
7,8,Andre Drummond,28,41,759,19.6,0.54,0.005,0.389,17.0,35.4,26.3,14.7,3.1,4.8,23.0,18.3,0.5,1.8,2.4,0.149,-1.4,2.1,0.7,0.5,PHI
8,9,Danny Green,34,29,688,11.2,0.583,0.858,0.062,2.6,9.4,6.0,6.5,2.8,3.3,13.5,12.6,0.3,0.9,1.2,0.082,-0.8,1.5,0.7,0.4,PHI
9,10,Shake Milton,25,27,668,12.9,0.516,0.311,0.189,2.2,11.1,6.7,17.2,1.5,1.5,10.1,20.6,0.3,0.6,0.9,0.062,-1.6,-0.4,-1.9,0.0,PHI
10,11,Isaiah Joe,22,31,388,8.1,0.499,0.757,0.165,1.1,9.3,5.3,7.9,1.2,0.5,6.1,15.2,0.1,0.2,0.3,0.04,-2.8,-1.5,-4.3,-0.2,PHI
11,12,Paul Reed,22,21,185,13.0,0.462,0.093,0.186,12.1,15.9,14.0,7.6,3.2,4.9,13.1,13.0,0.1,0.3,0.4,0.1,-4.0,1.5,-2.5,0.0,PHI
12,13,Charles Bassey,21,21,152,22.3,0.691,0.1,0.275,13.9,26.6,20.3,7.2,1.3,9.0,13.5,15.4,0.5,0.3,0.8,0.239,0.1,2.2,2.4,0.2,PHI
13,14,Charlie Brown Jr.,24,9,142,7.2,0.358,0.267,0.267,10.2,12.3,11.3,3.7,2.5,1.9,10.7,11.9,-0.1,0.2,0.1,0.021,-4.6,-0.2,-4.8,-0.1,PHI
14,15,Myles Powell,24,9,46,1.8,0.385,0.313,0.125,2.4,9.5,6.0,9.2,1.1,0.0,15.1,19.5,-0.1,0.0,-0.1,-0.104,-9.2,-2.6,-11.7,-0.1,PHI
15,16,Tyler Johnson,29,3,38,9.8,0.55,0.7,0.0,2.9,14.4,8.7,7.4,1.3,2.4,9.1,13.0,0.0,0.0,0.1,0.075,-2.3,0.3,-2.0,0.0,PHI
16,17,Aaron Henry,22,6,17,-7.4,0.2,0.2,0.0,0.0,6.4,3.2,0.0,0.0,10.7,28.6,18.5,-0.1,0.0,-0.1,-0.311,-13.8,-2.6,-16.4,-0.1,PHI
17,18,Braxton Key,24,2,6,9.5,0.5,0.5,0.0,18.6,18.2,18.4,25.7,8.3,0.0,50.0,30.0,0.0,0.0,0.0,-0.162,-9.3,3.2,-6.1,0.0,PHI
18,19,Jaden Springer,19,2,6,27.0,1.0,0.0,0.0,18.6,18.2,18.4,0.0,0.0,30.4,50.0,15.0,0.0,0.0,0.0,0.143,8.5,8.6,17.1,0.0,PHI
0,1,Miles Bridges,23,45,1620,17.8,0.577,0.384,0.239,3.5,18.5,10.8,14.6,1.4,2.4,9.7,22.6,2.6,1.2,3.8,0.114,1.5,-0.4,1.1,1.3,CHO
1,2,Gordon Hayward,31,45,1489,16.3,0.584,0.355,0.253,2.5,12.8,7.5,16.3,1.4,1.4,10.4,20.7,2.5,0.7,3.3,0.105,0.9,-1.0,-0.2,0.7,CHO
2,3,LaMelo Ball,20,40,1273,20.0,0.533,0.44,0.179,5.5,19.0,12.1,36.2,2.3,1.4,14.8,27.8,1.8,1.2,3.0,0.115,3.3,0.3,3.6,1.8,CHO
3,4,Terry Rozier,27,38,1240,17.4,0.552,0.509,0.156,2.1,11.4,6.7,18.4,1.7,1.2,6.3,23.2,2.1,0.6,2.8,0.107,2.5,-0.8,1.8,1.2,CHO
4,5,Kelly Oubre Jr.,26,43,1196,15.9,0.57,0.583,0.177,3.8,11.4,7.5,6.2,2.0,1.2,6.7,23.3,1.4,0.7,2.1,0.083,0.8,-1.8,-1.0,0.3,CHO
5,6,Cody Martin,26,42,1135,13.7,0.576,0.356,0.262,4.7,11.8,8.2,13.0,2.5,1.8,10.8,12.5,1.7,0.9,2.6,0.11,-0.5,0.9,0.4,0.7,CHO
6,7,Mason Plumlee,31,38,934,14.3,0.592,0.006,0.455,9.4,21.4,15.3,14.4,1.6,3.0,17.6,11.6,1.4,0.9,2.3,0.119,-1.7,1.3,-0.4,0.4,CHO
7,8,P.J. Washington,23,30,736,14.6,0.585,0.584,0.202,5.8,18.1,11.8,12.2,1.4,4.3,14.5,17.1,0.8,0.6,1.5,0.096,-0.1,0.1,0.0,0.4,CHO
8,9,Jalen McDaniels,24,39,685,12.7,0.592,0.437,0.234,4.3,16.9,10.4,8.5,1.4,2.3,12.1,15.3,0.7,0.5,1.2,0.084,-1.7,-0.4,-2.2,0.0,CHO
9,10,Ish Smith,33,30,423,9.2,0.424,0.132,0.125,1.7,10.2,5.8,25.5,2.1,1.6,16.6,19.3,-0.5,0.3,-0.2,-0.024,-4.4,-0.9,-5.4,-0.4,CHO
10,11,Nick Richards,24,34,296,17.8,0.716,0.0,0.425,9.3,16.1,12.6,5.2,1.5,6.2,17.2,15.0,0.7,0.3,1.0,0.156,-1.7,0.2,-1.5,0.0,CHO
11,12,James Bouknight,21,20,171,11.0,0.471,0.416,0.169,8.4,9.5,8.9,13.9,0.6,0.0,8.8,22.5,0.1,0.0,0.1,0.017,-1.9,-4.5,-6.4,-0.2,CHO
12,13,JT Thor,19,12,116,7.9,0.432,0.607,0.357,5.3,10.2,7.7,7.5,1.6,5.0,11.0,13.3,0.0,0.1,0.0,0.02,-4.8,-1.2,-6.0,-0.1,CHO
13,14,Kai Jones,21,14,39,0.8,0.514,0.143,0.571,2.6,13.9,8.1,6.6,0.0,0.0,36.3,14.9,-0.1,0.0,-0.1,-0.134,-9.1,-4.0,-13.1,-0.1,CHO
14,15,Vernon Carey Jr.,20,4,17,17.6,0.546,0.0,0.5,18.1,12.7,15.5,0.0,2.8,0.0,12.0,20.7,0.0,0.0,0.0,0.103,-2.5,-5.3,-7.8,0.0,CHO
15,16,Scottie Lewis,21,2,7,14.9,0.568,,,0.0,0.0,0.0,16.3,6.8,0.0,0.0,5.3,0.0,0.0,0.0,0.163,0.4,5.8,6.2,0.0,CHO
16,17,Arnoldas Kulboka,24,1,3,0.0,,,,0.0,0.0,0.0,0.0,0.0,0.0,,0.0,0.0,0.0,0.0,-0.02,-5.0,-5.3,-10.3,0.0,CHO
0,1,Jayson Tatum,23,44,1616,19.5,0.541,0.392,0.298,3.5,21.8,12.6,19.0,1.3,1.9,11.1,32.2,1.5,2.3,3.8,0.113,2.7,-0.1,2.5,1.9,BOS
1,2,Marcus Smart,27,39,1325,12.7,0.51,0.47,0.254,1.9,10.7,6.3,22.9,2.9,0.8,15.5,17.4,0.6,1.9,2.5,0.089,-2.2,1.6,-0.6,0.5,BOS
2,3,Dennis Schröder,28,41,1290,14.7,0.549,0.323,0.259,2.1,9.7,5.9,23.9,1.5,0.2,13.4,23.1,1.4,1.2,2.6,0.096,-0.6,-0.7,-1.2,0.2,BOS
3,4,Jaylen Brown,25,34,1180,18.2,0.561,0.405,0.255,2.6,17.8,10.1,15.8,1.6,1.1,12.2,30.7,0.8,1.5,2.3,0.094,2.2,-0.2,2.0,1.1,BOS
4,5,Al Horford,35,39,1136,16.5,0.545,0.462,0.185,5.7,21.6,13.6,18.5,1.1,4.3,9.7,16.3,1.9,1.7,3.7,0.155,1.1,2.1,3.2,1.5,BOS
5,6,Robert Williams,24,37,1092,21.5,0.742,0.0,0.281,14.1,19.6,16.8,9.8,1.4,6.6,16.2,11.7,3.4,1.9,5.3,0.233,2.1,2.1,4.1,1.7,BOS
6,7,Grant Williams,23,43,981,11.9,0.662,0.684,0.209,3.4,12.2,7.8,6.5,1.1,2.7,12.3,12.0,1.5,1.1,2.6,0.128,-0.6,0.7,0.1,0.5,BOS
7,8,Josh Richardson,28,36,905,12.4,0.562,0.435,0.212,2.6,9.0,5.8,9.2,1.7,1.7,8.6,16.5,1.0,1.0,2.0,0.105,-1.0,0.6,-0.4,0.4,BOS
8,9,Romeo Langford,22,37,659,10.1,0.528,0.448,0.172,4.7,11.5,8.1,3.9,1.6,2.1,7.9,12.7,0.4,0.8,1.1,0.082,-2.0,0.7,-1.3,0.1,BOS
9,10,Payton Pritchard,24,38,506,10.0,0.496,0.639,0.044,2.5,11.8,7.1,19.5,0.7,0.7,12.2,18.5,0.1,0.4,0.5,0.051,-1.2,-1.3,-2.4,0.0,BOS
10,11,Enes Freedom,29,31,383,15.8,0.598,0.045,0.295,16.0,24.3,20.1,2.3,0.7,3.4,14.6,13.4,0.7,0.6,1.3,0.157,-0.8,-0.7,-1.5,0.0,BOS
11,12,Aaron Nesmith,22,32,335,5.3,0.465,0.654,0.125,2.6,15.5,9.0,4.8,1.5,0.6,14.8,16.9,-0.5,0.4,-0.1,-0.009,-5.6,-0.1,-5.7,-0.3,BOS
12,13,Jabari Parker,26,12,112,15.4,0.632,0.421,0.237,4.8,22.2,13.5,8.4,1.8,0.8,16.0,19.7,0.1,0.2,0.3,0.135,-0.2,0.6,0.4,0.1,BOS
13,14,Juancho Hernangómez,26,18,96,4.0,0.307,0.667,0.333,10.1,18.0,14.0,4.2,2.1,1.9,16.2,17.0,-0.3,0.1,-0.1,-0.064,-6.8,-1.9,-8.7,-0.2,BOS
14,15,Bruno Fernando,23,14,38,6.9,0.683,0.0,0.5,8.5,14.2,11.4,3.8,0.0,4.9,40.6,14.3,0.0,0.0,0.0,-0.003,-7.8,-0.3,-8.0,-0.1,BOS
15,16,Sam Hauser,24,7,31,8.1,0.409,1.0,0.0,3.5,10.5,7.0,4.6,1.6,3.0,0.0,15.6,0.0,0.0,0.0,0.034,-1.4,-0.4,-1.8,0.0,BOS
16,17,Brodric Thomas,25,7,28,-1.7,0.202,0.667,0.222,7.7,11.6,9.6,23.4,0.0,0.0,23.3,20.3,-0.1,0.0,-0.1,-0.211,-8.8,-3.4,-12.2,-0.1,BOS
17,18,C.J. Miles,34,1,2,-8.0,,,,0.0,0.0,0.0,0.0,0.0,0.0,,0.0,0.0,0.0,0.0,0.016,-16.2,-0.4,-16.6,0.0,BOS
18,19,Joe Johnson,40,1,2,40.2,1.0,0.0,0.0,0.0,0.0,0.0,0.0,0.0,0.0,0.0,22.0,0.0,0.0,0.0,0.333,12.2,2.4,14.7,0.0,BOS
19,20,Justin Jackson,26,1,2,23.9,0.532,0.0,2.0,0.0,0.0,0.0,0.0,0.0,0.0,0.0,41.4,0.0,0.0,0.0,0.255,2.0,-4.8,-2.8,0.0,BOS
0,1,Fred VanVleet,27,41,1567,19.7,0.57,0.568,0.204,2.2,11.6,6.6,28.8,2.3,1.3,12.0,24.2,3.8,1.4,5.2,0.159,4.7,0.3,4.9,2.7,TOR
1,2,Scottie Barnes,20,37,1311,15.7,0.53,0.212,0.231,8.0,16.3,11.9,14.7,1.5,2.4,11.9,18.8,1.7,1.2,2.9,0.105,0.2,-0.1,0.1,0.7,TOR
2,3,Gary Trent Jr.,23,35,1180,14.2,0.532,0.516,0.125,1.2,7.9,4.3,9.3,2.8,1.1,6.0,20.4,1.3,1.0,2.4,0.097,-0.4,0.2,-0.2,0.5,TOR
3,4,Pascal Siakam,27,31,1134,19.6,0.548,0.19,0.311,5.6,19.6,12.2,22.1,1.6,1.9,11.8,25.5,2.0,1.2,3.1,0.133,2.3,0.3,2.6,1.3,TOR
4,5,OG Anunoby,24,29,1064,15.2,0.536,0.457,0.196,4.2,12.0,7.9,10.3,2.3,1.3,9.0,22.2,1.2,1.0,2.1,0.097,0.6,-0.3,0.3,0.6,TOR
5,6,Precious Achiuwa,22,35,876,11.3,0.448,0.154,0.201,9.5,23.7,16.2,7.1,1.1,2.5,10.6,16.5,-0.1,0.9,0.9,0.047,-2.9,-0.8,-3.7,-0.4,TOR
6,7,Chris Boucher,29,42,837,18.6,0.551,0.406,0.323,11.3,21.5,16.1,2.5,1.7,5.1,7.6,19.5,1.5,1.1,2.7,0.153,0.8,-0.7,0.0,0.4,TOR
7,8,Svi Mykhailiuk,24,38,642,10.6,0.525,0.552,0.159,3.0,12.0,7.2,8.9,1.9,0.6,11.2,16.1,0.4,0.5,0.8,0.063,-1.9,-0.4,-2.3,0.0,TOR
8,9,Khem Birch,29,23,483,15.1,0.547,0.078,0.408,12.9,13.8,13.3,8.1,2.0,2.2,11.6,12.1,0.9,0.5,1.3,0.131,-0.5,0.1,-0.3,0.2,TOR
9,10,Dalano Banton,22,34,398,9.7,0.475,0.23,0.197,5.1,14.7,9.6,20.5,1.8,1.2,21.8,18.2,-0.3,0.3,0.1,0.009,-3.7,-0.5,-4.2,-0.2,TOR
10,11,Yuta Watanabe,27,19,323,10.2,0.497,0.556,0.242,4.1,18.1,10.7,6.6,1.1,3.1,10.6,16.2,0.0,0.3,0.3,0.051,-2.1,-0.7,-2.8,-0.1,TOR
11,12,Justin Champagnie,20,27,241,15.0,0.588,0.373,0.153,15.2,11.9,13.7,4.7,1.5,1.6,8.7,12.2,0.6,0.2,0.8,0.152,-0.5,-1.2,-1.8,0.0,TOR
12,13,Malachi Flynn,23,27,231,9.0,0.427,0.512,0.081,2.6,10.9,6.5,15.6,2.2,1.3,8.2,17.9,-0.1,0.2,0.1,0.025,-3.7,-0.2,-3.9,-0.1,TOR
13,14,Goran Dragić,35,5,90,16.6,0.521,0.412,0.294,2.3,15.3,8.4,14.7,2.8,1.1,2.5,18.7,0.2,0.1,0.3,0.162,-0.3,2.1,1.8,0.1,TOR
14,15,Isaac Bonga,22,12,63,8.0,0.352,0.308,0.462,6.5,5.5,6.0,6.1,5.6,3.1,11.3,11.9,-0.1,0.1,0.1,0.039,-5.8,3.9,-1.9,0.0,TOR
15,16,D.J. Wilson,25,3,48,26.9,0.779,0.182,0.909,2.1,31.1,15.7,12.7,5.2,2.1,11.5,15.5,0.2,0.1,0.3,0.316,1.6,3.1,4.6,0.1,TOR
16,17,Tremont Waters,24,2,42,5.3,0.333,0.75,0.0,0.0,10.9,5.1,22.1,4.8,0.0,25.0,16.2,-0.1,0.1,-0.1,-0.065,-7.2,-1.0,-8.2,-0.1,TOR
17,18,Juwan Morgan,24,1,27,9.7,0.833,0.667,0.0,7.5,8.5,8.0,4.9,0.0,0.0,0.0,4.7,0.1,0.0,0.1,0.129,-2.8,-4.5,-7.3,0.0,TOR
18,19,Daniel Oturu,22,3,27,13.7,0.549,0.167,0.833,3.8,17.0,10.0,0.0,0.0,7.3,0.0,13.0,0.0,0.0,0.1,0.116,-2.4,-2.9,-5.4,0.0,TOR
19,20,David Johnson,20,2,2,-20.2,0.0,1.0,0.0,0.0,0.0,0.0,0.0,0.0,0.0,0.0,21.3,0.0,0.0,0.0,-0.506,-18.7,-9.0,-27.6,0.0,TOR
20,21,Sam Dekker,27,1,1,0.0,,,,0.0,0.0,0.0,0.0,0.0,0.0,,0.0,0.0,0.0,0.0,-0.01,-5.7,-3.7,-9.4,0.0,TOR
0,1,Kyle Kuzma,26,44,1455,14.7,0.544,0.415,0.232,3.8,24.8,14.5,13.3,0.9,2.0,13.3,22.2,0.3,1.5,1.8,0.059,-0.2,-0.4,-0.6,0.5,WAS
1,2,Bradley Beal,28,38,1364,18.5,0.541,0.274,0.255,3.0,11.0,7.1,31.0,1.2,0.9,13.4,31.1,1.2,0.8,2.0,0.069,2.4,-1.4,1.0,1.0,WAS
2,3,Kentavious Caldwell-Pope,28,44,1300,11.1,0.539,0.545,0.136,1.8,11.2,6.6,8.8,1.9,1.2,11.2,17.9,0.2,1.0,1.1,0.042,-1.5,0.0,-1.6,0.1,WAS
3,4,Spencer Dinwiddie,28,38,1160,14.7,0.52,0.466,0.296,2.8,13.1,8.1,27.7,1.0,0.5,11.0,21.2,1.5,0.6,2.1,0.088,0.5,-0.9,-0.4,0.5,WAS
4,5,Deni Avdija,21,47,1064,12.1,0.544,0.458,0.234,3.5,19.0,11.4,10.0,1.7,2.4,11.5,14.8,0.6,1.1,1.8,0.08,-1.8,1.0,-0.8,0.3,WAS
5,6,Montrezl Harrell,28,40,983,25.1,0.693,0.042,0.538,9.9,21.0,15.6,14.1,0.9,2.3,9.5,20.4,4.1,0.9,5.0,0.246,4.7,0.5,5.2,1.8,WAS
6,7,Daniel Gafford,23,44,941,21.4,0.71,0.0,0.324,11.6,19.8,15.8,7.2,0.9,6.3,12.7,15.2,2.9,1.2,4.0,0.205,1.1,1.0,2.1,1.0,WAS
7,8,Raul Neto,29,40,790,10.4,0.51,0.256,0.221,1.0,10.0,5.6,18.9,1.7,0.1,14.8,18.9,-0.1,0.5,0.3,0.019,-3.8,-0.6,-4.4,-0.5,WAS
8,9,Corey Kispert,22,42,761,10.4,0.559,0.561,0.185,3.2,9.7,6.5,6.3,0.8,1.2,7.9,14.0,0.7,0.3,1.0,0.063,-1.3,-1.3,-2.6,-0.1,WAS
9,10,Aaron Holiday,25,36,570,11.8,0.552,0.301,0.14,1.4,9.7,5.6,17.4,1.6,1.2,13.9,17.8,0.3,0.4,0.6,0.055,-2.2,0.1,-2.2,0.0,WAS
10,11,Dāvis Bertāns,29,32,488,9.0,0.528,0.845,0.173,1.4,12.0,6.8,4.3,1.1,1.0,6.7,17.6,0.1,0.3,0.4,0.041,-2.1,-1.3,-3.4,-0.2,WAS
11,12,Rui Hachimura,23,8,128,13.5,0.508,0.304,0.286,1.7,25.8,14.1,6.0,0.8,0.7,6.0,23.2,0.0,0.1,0.1,0.043,-1.3,-1.8,-3.1,0.0,WAS
12,13,Anthony Gill,29,18,113,18.3,0.79,0.259,0.444,7.9,16.0,12.1,10.5,0.4,1.5,13.4,14.6,0.4,0.1,0.5,0.208,1.4,-0.2,1.2,0.1,WAS
13,14,Thomas Bryant,24,6,86,17.4,0.525,0.378,0.243,10.4,13.6,12.0,7.3,1.1,2.9,2.4,21.6,0.1,0.1,0.2,0.119,0.8,-1.2,-0.4,0.0,WAS
14,15,Isaiah Todd,20,9,35,15.8,0.477,0.667,0.267,6.4,21.3,14.0,4.2,2.8,4.8,5.6,22.5,0.0,0.1,0.0,0.064,1.7,0.2,1.9,0.0,WAS
15,16,Brad Wanamaker,32,1,27,18.6,0.554,0.0,0.6,0.0,15.8,8.1,34.2,3.7,0.0,0.0,10.4,0.1,0.0,0.1,0.226,-1.5,4.8,3.3,0.0,WAS
16,17,Joel Ayayi,21,7,20,3.6,0.167,0.167,0.0,5.6,10.7,8.2,25.6,0.0,0.0,0.0,13.3,0.0,0.0,0.0,-0.091,-4.0,-1.8,-5.8,0.0,WAS
17,18,Craig Sword,28,3,19,14.6,0.75,0.25,0.0,0.0,0.0,0.0,7.8,10.4,0.0,20.0,11.7,0.0,0.0,0.1,0.17,-8.3,10.1,1.8,0.0,WAS
18,19,Greg Monroe,31,2,18,25.7,0.5,0.0,0.0,43.4,17.8,30.3,9.1,2.7,4.7,20.0,24.6,0.0,0.0,0.1,0.152,0.1,-4.3,-4.2,0.0,WAS
19,20,Alize Johnson,25,3,18,5.9,0.311,0.333,0.167,31.0,41.4,36.3,0.0,0.0,0.0,31.8,23.2,-0.1,0.0,-0.1,-0.172,-7.5,-8.3,-15.8,-0.1,WAS
20,21,Jordan Schakel,23,2,14,-10.6,0.0,0.5,0.0,15.9,7.6,11.7,0.0,0.0,0.0,0.0,19.0,-0.1,0.0,-0.1,-0.386,-11.9,-8.4,-20.4,-0.1,WAS
21,22,Tremont Waters,24,1,8,7.5,0.5,0.0,0.0,0.0,0.0,0.0,0.0,6.2,0.0,0.0,11.1,0.0,0.0,0.0,0.067,-9.2,4.0,-5.1,0.0,WAS
22,23,Cassius Winston,23,2,7,2.8,0.347,1.0,1.0,0.0,0.0,0.0,34.4,0.0,0.0,25.8,24.6,0.0,0.0,0.0,-0.18,-4.8,-6.0,-10.8,0.0,WAS
23,24,Jordan Goodwin,23,2,6,-20.7,0.0,0.333,0.0,0.0,17.8,9.1,0.0,0.0,0.0,0.0,22.2,-0.1,0.0,-0.1,-0.528,-24.4,-9.3,-33.7,0.0,WAS
24,25,Jaime Echenique,24,1,3,0.0,,,,0.0,0.0,0.0,0.0,0.0,0.0,,0.0,0.0,0.0,0.0,-0.01,-5.2,-2.8,-8.1,0.0,WAS
0,1,Julius Randle,27,46,1631,15.8,0.509,0.336,0.288,5.2,25.2,15.1,24.5,1.1,1.8,15.7,27.5,0.0,2.1,2.2,0.064,0.3,0.1,0.4,1.0,NYK
1,2,RJ Barrett,21,41,1336,13.6,0.518,0.366,0.294,2.6,16.9,9.7,13.5,0.8,1.0,10.3,25.5,0.3,1.2,1.5,0.054,-0.2,-1.1,-1.3,0.2,NYK
2,3,Evan Fournier,29,46,1326,12.4,0.547,0.59,0.118,1.8,8.8,5.2,10.2,1.5,0.8,9.4,21.0,0.8,1.1,1.9,0.068,-0.4,-0.9,-1.3,0.2,NYK
3,4,Alec Burks,30,47,1285,14.4,0.549,0.524,0.356,2.2,15.0,8.5,14.4,2.2,0.9,8.2,18.1,2.0,1.5,3.5,0.132,-0.4,1.2,0.8,0.9,NYK
4,5,Mitchell Robinson,23,43,1071,20.4,0.75,0.0,0.533,15.0,20.9,17.9,2.8,1.0,5.9,11.7,11.3,3.4,1.6,5.0,0.224,1.0,0.5,1.5,0.9,NYK
5,6,Immanuel Quickley,22,44,986,12.5,0.523,0.576,0.206,1.7,10.0,5.8,20.8,1.5,0.3,11.5,21.6,0.8,0.8,1.6,0.079,-1.0,-0.6,-1.6,0.1,NYK
6,7,Kemba Walker,31,27,725,15.6,0.551,0.528,0.197,1.6,11.9,6.7,21.5,1.5,0.7,10.5,22.2,1.0,0.6,1.7,0.11,1.5,-0.2,1.3,0.6,NYK
7,8,Obi Toppin,23,43,674,17.4,0.598,0.297,0.314,6.5,18.5,12.4,10.3,1.0,2.9,11.2,19.9,1.2,0.8,2.0,0.142,0.4,0.2,0.7,0.5,NYK
8,9,Derrick Rose,33,26,636,17.7,0.541,0.336,0.113,3.5,9.8,6.6,27.8,1.7,1.9,11.9,22.8,0.9,0.6,1.5,0.116,2.6,-0.4,2.2,0.7,NYK
9,10,Taj Gibson,36,31,579,10.3,0.561,0.17,0.33,9.4,17.0,13.1,5.2,1.2,4.5,17.9,9.4,0.5,0.8,1.2,0.103,-4.1,1.1,-3.0,-0.1,NYK
10,11,Nerlens Noel,27,20,469,12.7,0.586,0.057,0.396,10.2,18.6,14.4,4.5,2.6,5.9,20.4,7.4,0.5,0.9,1.3,0.135,-2.6,2.6,0.0,0.2,NYK
11,12,Quentin Grimes,21,30,453,11.2,0.577,0.799,0.065,2.6,8.0,5.2,9.9,1.8,1.1,10.6,15.7,0.4,0.4,0.8,0.089,-0.5,0.6,0.0,0.2,NYK
12,13,Miles McBride,21,18,146,6.9,0.341,0.519,0.074,1.5,10.5,5.9,21.4,2.8,0.7,5.1,17.9,-0.2,0.2,0.0,-0.006,-6.0,0.9,-5.0,-0.1,NYK
13,14,Kevin Knox,22,13,111,12.2,0.529,0.7,0.25,7.7,13.8,10.7,4.2,0.9,0.9,10.1,19.8,0.1,0.1,0.2,0.067,0.7,-2.3,-1.6,0.0,NYK
14,15,Jericho Sims,23,14,89,13.1,0.768,0.0,0.5,9.6,17.2,13.3,1.6,1.1,5.6,17.0,5.9,0.2,0.1,0.3,0.15,-1.2,1.5,0.2,0.1,NYK
15,16,Damyean Dotson,27,2,21,6.6,0.5,0.25,0.0,0.0,10.4,5.1,7.0,0.0,0.0,0.0,8.5,0.0,0.0,0.0,0.044,-3.4,-1.5,-4.9,0.0,NYK
16,17,Wayne Selden,27,3,19,4.6,0.434,0.5,1.0,0.0,5.7,2.8,7.3,0.0,0.0,0.0,13.5,0.0,0.0,0.0,0.015,-4.2,-2.1,-6.3,0.0,NYK
17,18,Cam Reddish,22,1,5,13.1,0.5,0.5,0.0,0.0,43.7,21.6,0.0,0.0,0.0,0.0,17.8,0.0,0.0,0.0,0.067,-3.8,-0.7,-4.5,0.0,NYK
18,19,Danuel House Jr.,28,1,3,-13.6,0.0,1.0,0.0,0.0,0.0,0.0,0.0,0.0,0.0,0.0,14.8,0.0,0.0,0.0,-0.355,-12.3,-8.1,-20.4,0.0,NYK
19,20,Matt Mooney,24,1,2,-20.5,0.0,1.0,0.0,0.0,0.0,0.0,0.0,25.2,0.0,50.0,44.4,-0.1,0.0,0.0,-0.929,-33.8,11.2,-22.6,0.0,NYK
20,21,Tyler Hall,24,1,2,0.0,,,,0.0,0.0,0.0,0.0,0.0,0.0,,0.0,0.0,0.0,0.0,0.001,-8.0,-0.8,-8.9,0.0,NYK
0,1,Trae Young,23,42,1461,25.2,0.592,0.377,0.348,2.0,10.3,6.2,46.4,1.4,0.2,14.9,35.0,4.7,0.3,5.0,0.164,6.7,-2.3,4.4,2.4,ATL
1,2,John Collins,24,41,1318,19.9,0.631,0.265,0.305,6.3,20.5,13.4,9.8,1.0,3.1,8.0,19.9,3.7,0.8,4.5,0.165,2.2,-0.2,2.0,1.3,ATL
2,3,Kevin Huerter,23,39,1136,11.8,0.564,0.504,0.081,1.6,11.1,6.4,14.5,0.9,0.9,11.5,17.4,1.0,0.1,1.2,0.049,-0.5,-1.4,-1.9,0.0,ATL
3,4,Clint Capela,27,38,1120,21.1,0.565,0.003,0.288,14.9,32.2,23.7,7.2,1.4,4.5,5.4,16.0,2.8,1.3,4.2,0.179,1.8,-0.3,1.5,1.0,ATL
4,5,Danilo Gallinari,33,36,831,14.5,0.582,0.523,0.286,2.7,17.6,10.2,9.0,0.9,0.8,6.6,18.3,1.5,0.3,1.8,0.104,1.1,-1.5,-0.4,0.3,ATL
5,6,Bogdan Bogdanović,29,28,803,12.0,0.533,0.581,0.116,1.2,13.0,7.1,13.0,1.2,0.7,7.9,18.8,0.6,0.2,0.8,0.05,-0.2,-0.9,-1.1,0.2,ATL
6,7,Cam Reddish,22,34,797,13.3,0.537,0.446,0.233,2.8,8.7,5.8,7.1,2.2,1.3,10.4,23.2,0.2,0.3,0.6,0.035,-0.7,-1.0,-1.7,0.1,ATL
7,8,Delon Wright,29,41,733,13.9,0.577,0.408,0.254,4.4,12.7,8.6,19.0,2.6,1.0,15.5,11.2,1.2,0.5,1.7,0.109,0.3,1.4,1.7,0.7,ATL
8,9,De'Andre Hunter,24,18,528,11.0,0.555,0.378,0.204,1.5,10.9,6.2,5.1,1.2,1.7,10.5,19.8,0.1,0.2,0.2,0.022,-1.9,-1.2,-3.1,-0.1,ATL
9,10,Lou Williams,35,32,459,12.2,0.487,0.338,0.234,2.4,9.5,6.0,17.7,1.8,0.4,10.5,23.7,0.0,0.1,0.2,0.016,-2.6,-2.0,-4.6,-0.3,ATL
10,11,Timothé Luwawu-Cabarrot,26,31,430,8.7,0.544,0.695,0.169,2.0,9.6,5.8,7.9,1.3,0.6,9.3,14.3,0.3,0.1,0.4,0.041,-2.5,-1.4,-3.9,-0.2,ATL
11,12,Onyeka Okongwu,21,14,337,19.5,0.751,0.0,0.514,11.1,17.1,14.1,6.9,1.3,6.8,17.3,13.5,1.0,0.3,1.3,0.182,-0.1,1.0,0.9,0.2,ATL
12,13,Gorgui Dieng,32,32,309,16.5,0.606,0.548,0.274,10.0,26.0,18.0,12.6,1.4,3.5,15.3,15.8,0.6,0.3,0.9,0.141,0.5,0.7,1.2,0.3,ATL
13,14,Skylar Mays,24,18,185,15.3,0.61,0.417,0.117,3.0,11.1,7.1,11.2,1.9,0.0,8.7,16.4,0.3,0.1,0.4,0.103,0.7,-0.6,0.1,0.1,ATL
14,15,Solomon Hill,30,13,139,3.4,0.2,0.65,0.0,4.8,13.3,9.0,10.5,1.4,1.3,4.8,6.6,-0.1,0.1,0.0,-0.014,-5.0,0.8,-4.2,-0.1,ATL
15,16,Chaundee Brown Jr.,23,3,83,10.6,0.525,0.6,0.24,1.3,17.0,9.2,6.6,1.2,0.0,0.0,14.6,0.1,0.0,0.1,0.078,-2.2,-2.0,-4.2,0.0,ATL
16,17,Wes Iwundu,27,3,82,7.4,0.557,0.278,0.222,4.0,13.2,8.7,0.0,0.6,0.0,4.8,11.1,0.1,0.0,0.1,0.041,-3.7,-2.9,-6.7,-0.1,ATL
17,18,Lance Stephenson,31,6,70,4.7,0.396,0.231,0.154,1.6,21.7,11.7,20.4,0.0,0.0,22.4,11.2,-0.1,0.0,0.0,-0.029,-6.4,-0.9,-7.3,-0.1,ATL
18,19,Jalen Johnson,20,11,52,10.5,0.56,0.353,0.353,0.0,27.1,13.7,2.8,0.0,0.0,9.2,18.3,0.0,0.0,0.0,0.025,-2.8,-2.1,-4.8,0.0,ATL
19,20,Malcolm Hill,26,3,46,19.4,0.871,0.625,0.5,4.8,9.4,7.1,3.0,4.3,2.0,0.0,9.3,0.2,0.1,0.2,0.251,0.5,3.3,3.8,0.1,ATL
20,21,Cameron Oliver,25,2,43,22.0,0.705,0.2,0.2,5.1,10.1,7.6,11.4,1.1,2.1,0.0,16.6,0.2,0.0,0.2,0.22,2.6,-0.8,1.9,0.0,ATL
21,22,Sharife Cooper,20,10,35,-5.9,0.25,0.429,0.0,0.0,15.5,7.8,18.9,0.0,0.0,26.3,23.8,-0.2,0.0,-0.2,-0.336,-11.8,-5.8,-17.6,-0.1,ATL
22,23,Kevin Knox,22,3,30,5.8,0.45,0.7,0.0,0.0,14.5,7.3,4.7,1.6,0.0,9.1,16.1,0.0,0.0,0.0,-0.045,-4.7,-1.2,-5.9,0.0,ATL
23,24,Cat Barber,27,3,13,-11.3,0.0,0.0,1.0,8.5,16.7,12.6,27.4,0.0,0.0,14.8,22.8,-0.1,0.0,-0.1,-0.461,-15.6,-7.9,-23.6,-0.1,ATL
0,1,Domantas Sabonis,25,44,1534,22.9,0.648,0.194,0.451,10.2,27.7,18.9,22.2,1.4,1.1,16.9,21.9,4.6,1.7,6.3,0.196,3.8,0.9,4.7,2.6,IND
1,2,Myles Turner,25,42,1235,18.1,0.615,0.466,0.267,5.8,20.9,13.3,5.3,1.1,8.3,10.9,17.4,1.9,1.8,3.7,0.144,0.4,1.4,1.9,1.2,IND
2,3,Justin Holiday,32,42,1201,10.5,0.562,0.746,0.097,1.4,9.5,5.4,8.6,1.2,1.1,9.0,16.2,1.0,0.6,1.6,0.062,-0.7,-0.8,-1.5,0.2,IND
3,4,Chris Duarte,24,40,1162,13.2,0.539,0.434,0.163,2.7,13.1,7.9,12.0,1.9,0.5,11.5,21.4,0.4,0.9,1.3,0.053,-0.8,-0.7,-1.4,0.2,IND
4,5,Caris LeVert,27,33,1012,17.2,0.531,0.317,0.214,2.7,10.6,6.6,22.9,1.6,1.4,9.8,27.3,1.1,0.7,1.8,0.085,1.6,-1.0,0.5,0.7,IND
5,6,Malcolm Brogdon,29,28,934,18.6,0.558,0.365,0.297,2.8,14.3,8.5,28.1,1.3,1.0,11.6,24.5,1.9,0.6,2.5,0.129,3.0,-0.2,2.7,1.1,IND
6,7,Torrey Craig,31,43,794,12.6,0.573,0.486,0.136,7.2,15.1,11.2,8.8,1.2,1.6,11.0,13.9,1.1,0.6,1.6,0.099,-0.5,-0.2,-0.7,0.2,IND
7,8,Oshae Brissett,23,37,701,11.3,0.517,0.459,0.232,7.2,16.7,11.9,5.3,1.4,1.6,10.2,15.8,0.3,0.6,0.9,0.061,-1.3,-1.0,-2.3,-0.1,IND
8,9,T.J. McConnell,29,24,581,15.8,0.536,0.138,0.083,3.6,11.7,7.6,29.4,2.1,1.3,13.0,16.1,0.9,0.5,1.4,0.117,0.0,1.5,1.5,0.5,IND
9,10,Jeremy Lamb,29,33,509,14.4,0.527,0.523,0.345,3.3,14.9,9.0,12.0,1.8,2.0,8.5,21.2,0.6,0.5,1.0,0.096,0.3,-0.1,0.2,0.3,IND
10,11,Kelan Martin,26,27,444,10.2,0.492,0.44,0.077,4.0,9.3,6.6,7.0,1.4,1.8,7.5,18.4,0.0,0.3,0.3,0.029,-2.1,-0.8,-2.9,-0.1,IND
11,12,Duane Washington Jr.,21,16,311,8.4,0.484,0.532,0.151,0.4,7.9,4.1,13.2,1.1,0.3,11.2,21.2,-0.2,0.1,-0.1,-0.012,-2.8,-2.9,-5.7,-0.3,IND
12,13,Brad Wanamaker,32,22,293,6.9,0.465,0.236,0.306,2.3,11.0,6.6,22.1,0.8,1.8,22.0,15.5,-0.1,0.2,0.0,0.002,-5.4,-1.0,-6.4,-0.3,IND
13,14,Goga Bitadze,22,28,292,14.5,0.483,0.365,0.394,14.0,16.4,15.2,7.5,1.7,5.0,11.6,20.5,0.1,0.3,0.5,0.077,-3.0,-0.6,-3.7,-0.1,IND
14,15,Keifer Sykes,28,12,270,7.6,0.495,0.466,0.102,2.0,8.7,5.3,16.4,1.1,0.3,17.1,17.9,-0.1,0.1,0.0,-0.006,-3.4,-1.6,-5.0,-0.2,IND
15,16,Lance Stephenson,31,12,227,14.0,0.536,0.371,0.175,1.9,13.7,7.8,31.2,1.7,0.4,18.0,24.4,0.1,0.2,0.2,0.052,-1.4,-1.4,-2.8,0.0,IND
16,17,Isaiah Jackson,20,15,108,17.3,0.498,0.05,0.525,12.3,22.7,17.5,5.6,2.3,7.2,7.5,21.4,0.1,0.2,0.3,0.127,-3.4,1.2,-2.2,0.0,IND
17,18,Justin Anderson,28,3,30,4.7,0.325,0.818,0.273,7.4,7.4,7.4,13.1,1.7,2.9,7.5,19.3,-0.1,0.0,0.0,-0.048,-5.3,-1.4,-6.7,0.0,IND
18,19,Terry Taylor,22,2,6,7.4,,,,0.0,18.6,9.2,20.1,0.0,0.0,,0.0,0.0,0.0,0.0,0.089,-1.9,-0.4,-2.3,0.0,IND
19,20,Nate Hinton,22,2,2,-46.1,0.0,0.0,0.0,0.0,0.0,0.0,0.0,0.0,0.0,50.0,43.5,-0.1,0.0,-0.1,-1.242,-27.8,-14.4,-42.2,0.0,IND
20,21,DeJon Jarreau,24,1,1,0.0,,,,0.0,0.0,0.0,0.0,0.0,0.0,,0.0,0.0,0.0,0.0,-0.01,-6.1,-1.4,-7.6,0.0,IND
21,22,Ahmad Caver,25,1,1,79.5,1.0,0.0,0.0,0.0,0.0,0.0,0.0,0.0,0.0,0.0,43.5,0.0,0.0,0.0,1.279,30.4,6.5,36.9,0.0,IND
0,1,Saddiq Bey,22,46,1540,12.3,0.508,0.529,0.196,3.9,15.9,9.6,12.2,1.3,0.5,8.8,20.9,0.4,0.9,1.2,0.038,-0.3,-1.5,-1.8,0.1,DET
1,2,Cade Cunningham,20,37,1186,12.3,0.501,0.433,0.145,2.8,16.1,9.1,27.9,1.9,1.8,18.8,25.9,-1.4,1.0,-0.4,-0.017,-1.5,-0.6,-2.1,0.0,DET
2,3,Isaiah Stewart,20,38,957,13.6,0.562,0.086,0.237,10.5,24.1,17.0,7.2,0.7,4.4,15.6,14.4,0.7,0.9,1.6,0.081,-3.0,-0.3,-3.2,-0.3,DET
3,4,Hamidou Diallo,23,39,879,15.5,0.552,0.173,0.252,4.8,17.8,11.0,10.4,2.7,1.6,10.2,20.6,0.5,0.9,1.5,0.08,-1.4,0.7,-0.7,0.3,DET
4,5,Killian Hayes,20,34,867,8.1,0.448,0.425,0.149,1.9,11.3,6.4,21.3,2.2,1.7,18.4,14.3,-0.6,0.7,0.1,0.003,-4.6,0.5,-4.0,-0.4,DET
5,6,Trey Lyles,26,43,834,16.5,0.565,0.396,0.447,6.7,21.0,13.4,10.3,0.9,2.2,9.9,21.8,1.2,0.6,1.8,0.104,0.3,-0.9,-0.6,0.3,DET
6,7,Cory Joseph,30,35,822,13.5,0.601,0.382,0.349,1.6,9.2,5.2,26.6,1.5,0.7,16.4,15.3,1.3,0.4,1.7,0.097,-0.9,-0.5,-1.3,0.1,DET
7,8,Jerami Grant,27,24,797,16.7,0.54,0.332,0.382,3.0,13.3,7.9,13.7,1.6,3.1,10.3,26.8,0.5,0.6,1.1,0.069,1.3,-0.2,1.1,0.6,DET
8,9,Frank Jackson,23,33,749,10.5,0.536,0.61,0.174,1.5,6.1,3.7,6.9,1.0,1.0,7.6,20.4,0.2,0.2,0.4,0.025,-1.3,-1.7,-3.0,-0.2,DET
9,10,Josh Jackson,24,37,685,10.1,0.504,0.452,0.202,2.6,16.7,9.2,11.2,1.2,2.0,11.8,19.2,-0.3,0.5,0.2,0.013,-3.3,-0.7,-4.0,-0.3,DET
10,11,Saben Lee,22,26,400,13.7,0.49,0.364,0.355,2.6,16.0,8.9,23.9,3.0,2.3,15.2,17.7,0.0,0.5,0.5,0.058,-1.7,2.0,0.3,0.2,DET
11,12,Luka Garza,23,27,327,14.2,0.524,0.342,0.359,14.8,12.6,13.7,7.5,1.2,1.1,10.6,19.9,0.4,0.2,0.5,0.077,-1.4,-2.1,-3.5,-0.1,DET
12,13,Kelly Olynyk,30,12,271,18.9,0.54,0.421,0.355,6.5,20.7,13.2,21.5,2.7,2.7,11.4,25.1,0.3,0.3,0.6,0.106,1.3,1.6,2.9,0.3,DET
13,14,Rodney McGruder,30,21,263,11.9,0.601,0.577,0.077,5.1,13.0,8.9,9.1,1.1,0.7,13.0,15.1,0.2,0.1,0.4,0.065,-0.3,-1.3,-1.6,0.0,DET
14,15,Cassius Stanley,22,8,152,8.0,0.506,0.378,0.222,3.4,10.5,6.8,4.1,1.6,1.2,10.8,15.7,0.0,0.1,0.1,0.016,-5.1,-1.2,-6.3,-0.2,DET
15,16,Derrick Walton,26,3,108,6.1,0.342,0.5,0.154,1.9,8.5,5.0,27.4,3.1,3.4,28.4,15.4,-0.3,0.1,-0.2,-0.072,-5.4,0.6,-4.8,-0.1,DET
16,17,Justin Robinson,24,5,91,5.2,0.457,0.75,0.214,2.3,6.3,4.2,14.9,0.5,1.0,14.0,16.8,-0.1,0.0,-0.1,-0.041,-4.7,-2.6,-7.2,-0.1,DET
17,18,Jamorko Pickett,24,6,47,-4.2,0.15,0.7,0.0,4.4,17.0,10.4,2.9,0.0,1.9,23.1,11.9,-0.2,0.0,-0.2,-0.194,-9.4,-4.2,-13.6,-0.1,DET
18,19,Micah Potter,23,3,31,14.0,0.505,0.182,0.182,13.3,18.4,15.7,0.0,1.6,2.9,7.8,17.9,0.0,0.0,0.0,0.075,-4.1,-3.3,-7.3,0.0,DET
19,20,Cheick Diallo,25,3,31,12.6,0.517,0.0,0.75,13.3,29.5,21.0,0.0,1.6,0.0,8.6,16.1,0.0,0.0,0.1,0.109,-4.3,-3.6,-7.8,0.0,DET
20,21,Deividas Sirvydis,21,3,27,0.2,0.15,0.7,0.0,0.0,25.4,12.0,5.1,5.4,3.4,0.0,15.9,-0.1,0.1,-0.1,-0.146,-10.9,1.9,-9.0,0.0,DET
21,22,Trayvon Palmer,27,1,17,-5.8,0.0,0.0,0.0,0.0,13.5,6.4,0.0,0.0,0.0,50.0,5.1,-0.1,0.0,0.0,-0.138,-13.2,-2.2,-15.4,-0.1,DET
22,23,Jaysean Paige,27,1,7,-22.4,0.0,0.667,0.0,0.0,16.3,7.7,18.7,0.0,0.0,25.0,24.6,-0.1,0.0,-0.1,-0.585,-25.1,-6.8,-31.8,0.0,DET
23,24,Isaiah Livers,23,1,5,-11.0,0.0,1.0,0.0,0.0,0.0,0.0,0.0,9.7,18.3,33.3,25.8,-0.1,0.0,-0.1,-0.522,-21.0,4.0,-17.0,0.0,DET
0,1,Franz Wagner,20,48,1556,14.4,0.542,0.27,0.233,3.8,11.9,7.8,14.8,1.4,1.5,10.3,21.2,1.2,1.0,2.2,0.069,-0.6,-0.6,-1.1,0.3,ORL
1,2,Gary Harris,27,40,1189,10.7,0.557,0.5,0.16,2.5,5.7,4.1,9.5,1.4,0.6,10.4,16.9,0.7,0.4,1.1,0.044,-2.1,-1.1,-3.2,-0.4,ORL
2,3,Wendell Carter Jr.,22,39,1133,18.0,0.587,0.369,0.285,7.5,29.7,18.5,14.9,1.2,2.3,12.6,19.5,1.7,1.4,3.1,0.13,1.1,0.5,1.6,1.0,ORL
3,4,Cole Anthony,21,34,1127,14.8,0.516,0.45,0.255,1.9,17.6,9.7,29.3,1.2,0.8,13.6,26.4,0.2,0.8,1.0,0.044,0.4,-0.8,-0.4,0.5,ORL
4,5,Mo Bamba,23,37,998,16.0,0.553,0.435,0.111,8.6,23.6,16.1,8.6,1.3,7.1,13.0,17.0,0.6,1.4,2.1,0.099,-0.8,1.3,0.5,0.6,ORL
5,6,Terrence Ross,30,39,992,11.6,0.531,0.453,0.273,1.5,10.0,5.7,13.1,1.0,0.8,11.3,21.2,0.2,0.4,0.6,0.029,-1.6,-1.2,-2.9,-0.2,ORL
6,7,Chuma Okeke,23,37,877,10.9,0.476,0.588,0.116,2.9,17.9,10.4,8.8,2.8,1.8,9.4,16.3,-0.4,1.1,0.7,0.037,-2.5,1.2,-1.3,0.1,ORL
7,8,R.J. Hampton,20,42,815,9.7,0.478,0.382,0.282,1.8,14.3,8.0,19.3,1.7,0.9,15.1,19.7,-0.7,0.6,-0.1,-0.003,-3.3,-0.1,-3.4,-0.3,ORL
8,9,Jalen Suggs,20,27,751,9.3,0.466,0.359,0.322,2.7,12.2,7.4,23.2,2.1,1.5,19.3,26.6,-1.6,0.6,-1.0,-0.062,-4.4,-0.6,-5.0,-0.6,ORL
9,10,Moritz Wagner,24,38,470,18.7,0.63,0.532,0.32,3.8,17.0,10.4,14.7,1.0,1.9,10.8,24.0,1.1,0.4,1.4,0.144,1.9,-0.2,1.7,0.4,ORL
10,11,Robin Lopez,33,22,409,16.8,0.595,0.028,0.222,13.0,9.0,11.0,17.9,0.1,2.7,15.5,19.8,0.7,0.1,0.8,0.097,-0.1,-1.6,-1.7,0.0,ORL
11,12,Admiral Schofield,24,16,211,8.5,0.611,0.553,0.064,3.0,18.4,10.6,9.3,0.5,1.3,18.5,12.2,0.1,0.1,0.2,0.046,-3.9,-0.7,-4.6,-0.1,ORL
12,13,Tim Frazier,31,10,200,4.1,0.394,0.395,0.209,2.7,7.5,5.1,23.1,0.7,0.5,21.7,13.0,-0.2,0.1,-0.2,-0.039,-6.2,-2.0,-8.1,-0.3,ORL
13,14,Mychal Mulder,27,15,195,2.4,0.405,0.687,0.03,1.1,10.5,5.8,2.3,1.0,0.5,10.5,16.9,-0.5,0.1,-0.4,-0.092,-6.6,-1.9,-8.5,-0.3,ORL
14,15,Ignas Brazdeikis,23,21,193,7.7,0.456,0.491,0.175,4.4,12.3,8.3,11.5,1.3,0.5,8.9,15.1,0.0,0.1,0.1,0.018,-4.0,-1.0,-5.0,-0.1,ORL
15,16,Hassani Gravett,25,8,171,10.5,0.629,0.684,0.105,0.6,12.6,6.6,17.4,1.4,0.5,18.5,12.4,0.2,0.1,0.3,0.072,-2.2,0.0,-2.3,0.0,ORL
16,17,Freddie Gillespie,24,9,119,9.7,0.419,0.045,0.318,11.6,20.8,16.2,6.0,1.2,6.9,16.6,11.0,0.0,0.2,0.1,0.046,-5.3,0.7,-4.5,-0.1,ORL
17,18,Aleem Ford,24,5,74,0.6,0.35,0.75,0.0,2.9,18.9,10.8,3.9,0.7,0.0,16.7,14.1,-0.2,0.0,-0.2,-0.106,-8.9,-2.3,-11.2,-0.2,ORL
18,19,B.J. Johnson,26,4,65,12.6,0.52,0.4,0.0,9.8,14.9,12.3,0.0,0.0,1.4,0.0,16.7,0.1,0.0,0.1,0.067,-0.5,-4.1,-4.6,0.0,ORL
0,1,Mikal Bridges,25,46,1568,13.0,0.599,0.383,0.128,3.0,9.4,6.3,8.1,1.8,1.1,7.4,13.7,2.3,2.2,4.5,0.137,-0.1,1.4,1.3,1.3,PHO
1,2,Chris Paul,36,46,1500,20.9,0.575,0.271,0.257,1.1,12.8,7.1,43.6,2.9,0.9,15.9,19.6,4.1,2.7,6.8,0.216,2.8,2.4,5.2,2.7,PHO
2,3,Devin Booker,25,39,1299,19.5,0.548,0.343,0.241,2.8,13.9,8.5,21.2,1.4,1.0,10.2,32.2,1.7,1.9,3.5,0.131,2.9,-0.2,2.7,1.5,PHO
3,4,Cameron Johnson,25,43,1105,15.2,0.62,0.652,0.168,2.7,14.4,8.7,6.6,1.7,0.8,6.6,17.1,2.1,1.7,3.7,0.162,2.0,0.8,2.8,1.4,PHO
4,5,Jae Crowder,31,39,1096,10.7,0.553,0.67,0.15,1.3,16.6,9.1,6.4,2.2,1.4,9.9,14.2,0.5,1.9,2.4,0.105,-1.4,2.1,0.7,0.8,PHO
5,6,Landry Shamet,24,42,842,10.0,0.528,0.691,0.188,1.3,8.7,5.1,10.1,1.1,0.4,7.2,16.2,0.6,1.0,1.6,0.089,-1.1,0.1,-1.0,0.2,PHO
6,7,Deandre Ayton,23,28,837,22.6,0.656,0.025,0.248,10.2,26.6,18.6,8.0,1.3,2.4,11.8,20.8,2.2,1.6,3.8,0.218,2.7,1.1,3.8,1.2,PHO
7,8,Cameron Payne,27,40,815,13.0,0.498,0.343,0.169,2.1,11.8,7.1,25.5,1.4,1.3,14.5,25.9,-0.2,1.1,1.0,0.056,-1.0,0.0,-0.9,0.2,PHO
8,9,JaVale McGee,34,42,683,24.0,0.667,0.015,0.335,15.7,29.8,22.9,6.1,0.9,4.8,16.4,23.8,1.7,1.5,3.2,0.223,0.7,0.8,1.4,0.6,PHO
9,10,Jalen Smith,21,22,305,18.0,0.553,0.265,0.363,17.0,24.2,20.7,2.3,0.8,4.0,11.5,20.9,0.5,0.6,1.1,0.172,-0.6,-0.9,-1.5,0.0,PHO
10,11,Elfrid Payton,27,26,284,8.9,0.422,0.073,0.167,4.9,13.4,9.3,21.2,2.2,0.6,18.9,19.3,-0.4,0.5,0.1,0.009,-4.4,1.1,-3.3,-0.1,PHO
11,12,Bismack Biyombo,29,9,193,25.5,0.691,0.0,0.526,16.2,20.7,18.5,9.2,1.7,5.0,10.2,17.4,0.8,0.4,1.2,0.288,3.0,1.3,4.3,0.3,PHO
12,13,Frank Kaminsky,28,9,181,21.9,0.635,0.227,0.303,6.6,17.0,11.9,10.5,2.1,3.4,6.3,19.0,0.6,0.3,0.9,0.243,2.5,2.2,4.7,0.3,PHO
13,14,Abdel Nader,28,14,145,5.1,0.431,0.4,0.286,3.0,16.3,9.8,6.0,2.7,2.4,21.8,15.0,-0.3,0.3,0.0,0.0,-7.0,2.0,-5.0,-0.1,PHO
14,15,Ish Wainright,27,20,133,6.5,0.405,0.564,0.103,11.4,9.3,10.3,7.6,2.5,1.3,16.4,15.8,-0.1,0.2,0.1,0.029,-5.2,0.5,-4.7,-0.1,PHO
15,16,Justin Jackson,26,3,23,20.2,0.929,0.714,0.0,4.7,22.3,13.7,0.0,0.0,0.0,12.5,15.0,0.1,0.0,0.1,0.207,5.7,0.3,6.0,0.0,PHO
16,17,Chandler Hutchison,25,6,22,1.2,0.694,0.0,1.0,0.0,23.3,12.0,10.8,0.0,0.0,58.1,13.5,-0.1,0.0,0.0,-0.078,-7.8,-0.7,-8.5,0.0,PHO
17,18,Emanuel Terry,25,3,18,-0.1,0.0,0.0,0.0,48.0,39.9,43.9,12.5,2.7,0.0,50.0,23.9,-0.1,0.0,-0.1,-0.249,-13.0,-5.5,-18.6,-0.1,PHO
18,19,M.J. Walker,23,2,8,-3.4,0.0,0.5,0.0,0.0,12.8,6.6,14.1,12.1,0.0,0.0,21.5,-0.1,0.0,0.0,-0.268,-15.7,6.1,-9.6,0.0,PHO
19,20,Paris Bass,26,2,7,14.6,0.436,0.333,0.333,30.9,29.3,30.1,0.0,6.9,0.0,22.5,54.6,0.0,0.0,0.0,-0.146,-10.9,-1.3,-12.3,0.0,PHO
0,1,Stephen Curry,33,43,1494,21.6,0.583,0.635,0.239,1.9,14.2,8.3,30.4,2.0,1.3,12.6,31.9,3.1,2.6,5.7,0.184,5.7,0.7,6.4,3.2,GSW
1,2,Andrew Wiggins,26,43,1357,16.3,0.579,0.378,0.248,3.8,10.4,7.2,10.4,1.4,1.8,9.0,23.8,1.7,2.1,3.7,0.133,1.1,0.1,1.2,1.1,GSW
2,3,Jordan Poole,22,41,1204,13.8,0.577,0.553,0.236,1.0,9.7,5.5,17.7,1.3,1.0,14.0,25.0,0.9,1.7,2.6,0.106,-0.6,-0.2,-0.8,0.4,GSW
3,4,Draymond Green,31,34,1018,15.2,0.581,0.209,0.333,4.2,22.6,13.7,34.0,2.2,3.9,31.5,14.4,0.8,2.4,3.2,0.151,-0.7,4.7,3.9,1.5,GSW
4,5,Kevon Looney,25,47,973,16.0,0.576,0.005,0.347,14.5,23.1,18.9,11.2,1.4,3.7,14.0,13.1,1.9,2.0,4.0,0.196,-1.2,1.7,0.5,0.6,GSW
5,6,Otto Porter Jr.,28,40,868,16.6,0.598,0.577,0.105,4.9,21.0,13.2,11.1,2.5,2.0,7.3,15.1,1.5,1.9,3.4,0.188,1.6,2.7,4.3,1.4,GSW
6,7,Gary Payton II,29,44,738,20.4,0.692,0.342,0.187,7.4,16.3,12.0,7.7,3.9,1.4,8.6,15.7,1.9,1.8,3.6,0.237,1.7,3.6,5.3,1.4,GSW
7,8,Damion Lee,29,36,734,11.4,0.579,0.483,0.182,2.1,13.7,8.1,6.4,1.4,0.5,8.9,16.6,0.6,1.1,1.8,0.115,-2.0,0.4,-1.6,0.1,GSW
8,9,Nemanja Bjelica,33,47,721,14.4,0.552,0.472,0.228,6.2,21.5,14.1,16.4,2.0,2.3,16.4,19.5,0.4,1.5,1.9,0.128,-1.0,2.0,1.0,0.5,GSW
9,10,Juan Toscano-Anderson,28,45,698,11.5,0.557,0.37,0.297,3.8,15.9,10.1,17.5,2.4,1.9,21.1,14.7,0.2,1.4,1.6,0.111,-2.8,2.7,-0.1,0.3,GSW
10,11,Andre Iguodala,38,25,513,12.8,0.481,0.594,0.158,4.1,13.3,8.9,25.1,2.0,3.9,17.6,11.1,0.5,1.0,1.5,0.143,-0.4,3.6,3.2,0.7,GSW
11,12,Jonathan Kuminga,19,35,412,13.4,0.555,0.325,0.452,4.9,16.3,10.8,6.5,1.5,1.4,11.6,23.8,0.2,0.7,0.9,0.102,-2.7,-0.1,-2.7,-0.1,GSW
12,13,Chris Chiozza,26,23,246,4.2,0.4,0.649,0.018,3.6,8.1,5.9,20.8,1.6,0.0,26.8,13.9,-0.3,0.3,0.0,0.002,-5.8,-0.3,-6.0,-0.3,GSW
13,14,Moses Moody,19,26,183,6.7,0.427,0.559,0.254,2.4,13.2,8.0,6.1,0.8,2.1,5.7,16.5,-0.1,0.3,0.1,0.036,-5.0,-0.4,-5.4,-0.2,GSW
14,15,Klay Thompson,31,6,128,12.8,0.484,0.5,0.128,2.6,11.5,7.2,16.2,1.5,1.5,10.8,34.6,-0.2,0.2,0.0,0.002,-0.1,-0.8,-0.9,0.0,GSW
15,16,Jeff Dowtin,24,4,28,9.7,0.5,0.167,0.0,4.0,22.5,13.5,14.9,0.0,3.4,14.3,10.9,0.0,0.0,0.1,0.103,-4.3,0.5,-3.8,0.0,GSW
16,17,Quinndary Weatherspoon,25,3,16,17.3,1.0,0.0,0.0,0.0,6.6,3.4,0.0,3.0,6.0,20.0,13.6,0.0,0.0,0.1,0.183,-3.6,5.3,1.7,0.0,GSW
0,1,Desmond Bane,23,45,1346,17.3,0.591,0.485,0.109,1.8,14.2,7.8,12.3,1.8,1.4,9.2,22.9,2.4,1.4,3.8,0.135,2.4,-0.2,2.2,1.4,MEM
1,2,Jaren Jackson Jr.,22,48,1329,16.6,0.528,0.405,0.312,5.0,17.0,10.8,5.6,1.7,7.2,10.4,25.9,0.7,2.1,2.8,0.102,-1.0,0.3,-0.6,0.5,MEM
2,3,Ja Morant,22,36,1184,24.6,0.571,0.225,0.328,4.6,14.8,9.6,35.5,1.9,1.1,13.2,32.3,3.0,1.2,4.2,0.17,6.0,-0.1,5.9,2.4,MEM
3,4,Steven Adams,28,45,1162,16.9,0.543,0.0,0.57,17.0,21.2,19.0,15.0,1.8,2.0,20.0,12.3,2.0,1.5,3.5,0.143,0.7,0.5,1.2,0.9,MEM
4,5,Tyus Jones,25,45,949,16.9,0.568,0.37,0.123,1.3,12.6,6.8,27.6,2.0,0.2,9.7,15.7,2.2,0.9,3.1,0.155,1.3,0.4,1.6,0.9,MEM
5,6,De'Anthony Melton,23,40,916,14.2,0.489,0.514,0.182,4.4,16.1,10.1,16.7,3.4,2.3,13.1,20.7,0.1,1.4,1.5,0.081,-0.7,1.6,0.9,0.7,MEM
6,7,Kyle Anderson,28,38,853,14.4,0.505,0.262,0.209,4.2,21.1,12.4,15.9,2.4,2.5,11.7,17.0,0.6,1.2,1.8,0.102,-0.7,1.3,0.6,0.6,MEM
7,8,John Konchar,25,41,740,14.4,0.622,0.456,0.181,7.2,19.2,13.0,10.0,2.0,1.5,10.6,10.1,1.4,0.9,2.3,0.149,0.5,1.0,1.5,0.7,MEM
8,9,Brandon Clarke,25,34,625,24.7,0.671,0.082,0.282,10.7,19.1,14.8,11.4,1.2,5.6,6.8,17.6,2.4,0.8,3.2,0.246,3.6,0.7,4.3,1.0,MEM
9,10,Ziaire Williams,20,30,608,7.0,0.495,0.597,0.094,1.4,6.9,4.1,5.3,1.2,1.1,7.4,14.7,0.1,0.4,0.4,0.034,-4.0,-1.2,-5.2,-0.5,MEM
10,11,Dillon Brooks,26,21,587,16.0,0.521,0.297,0.212,3.0,9.6,6.2,15.5,2.2,0.6,9.1,28.9,0.5,0.5,1.1,0.087,-0.5,-0.7,-1.2,0.1,MEM
11,12,Xavier Tillman Sr.,23,37,505,15.0,0.497,0.225,0.318,9.4,14.6,11.9,10.7,3.9,2.5,13.1,16.3,0.3,0.9,1.2,0.109,-1.3,2.1,0.8,0.4,MEM
12,13,Killian Tillie,23,28,376,9.4,0.465,0.638,0.076,5.2,9.2,7.2,5.8,2.8,3.2,7.7,13.0,0.1,0.5,0.6,0.072,-3.0,1.1,-1.8,0.0,MEM
13,14,Santi Aldama,21,26,275,8.9,0.425,0.402,0.206,8.6,15.8,12.1,6.9,0.4,2.3,7.0,17.2,-0.1,0.2,0.2,0.027,-4.3,-2.2,-6.5,-0.3,MEM
14,15,Jarrett Culver,22,22,224,12.0,0.472,0.326,0.221,3.7,14.0,8.7,15.0,3.0,0.8,9.6,19.3,0.0,0.3,0.3,0.066,-3.6,0.7,-2.9,-0.1,MEM
15,16,Sam Merrill,25,6,58,7.9,0.485,0.958,0.167,1.8,11.2,6.4,9.4,0.0,0.0,7.2,19.9,0.0,0.0,0.0,0.024,-2.0,-3.7,-5.8,-0.1,MEM
16,17,Yves Pons,22,6,21,4.3,0.387,0.333,0.667,9.8,15.5,12.6,0.0,0.0,0.0,0.0,7.7,0.0,0.0,0.0,0.024,-3.9,-2.8,-6.6,0.0,MEM
17,18,Dakota Mathias,26,6,16,11.5,0.5,1.0,0.0,0.0,13.5,6.6,8.3,3.0,0.0,0.0,15.6,0.0,0.0,0.0,0.109,-1.3,1.3,0.0,0.0,MEM
18,19,Shaq Buchanan,25,2,10,0.8,0.25,0.5,0.0,10.3,10.8,10.5,25.8,4.8,0.0,33.3,24.9,-0.1,0.0,0.0,-0.239,-10.9,-0.2,-11.1,0.0,MEM
19,20,DaQuan Jeffries,24,3,9,8.7,0.5,0.5,0.0,0.0,24.1,11.7,14.6,0.0,0.0,0.0,9.2,0.0,0.0,0.0,0.093,-5.6,0.5,-5.2,0.0,MEM
20,21,Xavier Sneed,24,2,8,-7.3,0.0,1.0,0.0,12.9,13.5,13.2,0.0,0.0,0.0,0.0,10.4,0.0,0.0,0.0,-0.158,-14.3,-5.8,-20.2,0.0,MEM
21,22,Jon Teske,24,3,8,1.5,0.0,0.0,2.0,0.0,27.1,13.2,14.3,6.0,0.0,0.0,9.8,0.0,0.0,0.0,-0.09,-8.4,3.3,-5.0,0.0,MEM
22,23,Tyrell Terry,21,2,3,20.7,1.0,0.0,0.0,0.0,0.0,0.0,0.0,0.0,0.0,0.0,13.8,0.0,0.0,0.0,0.219,-3.3,2.3,-1.0,0.0,MEM
0,1,Bojan Bogdanović,32,46,1417,16.6,0.608,0.488,0.289,3.0,11.4,7.4,8.7,0.8,0.1,9.9,23.3,3.1,0.9,4.0,0.135,2.2,-1.6,0.7,1.0,UTA
1,2,Royce O'Neale,28,44,1392,11.2,0.629,0.669,0.161,3.1,14.2,8.9,10.1,2.0,1.4,13.1,9.1,2.1,1.6,3.7,0.127,-0.2,2.1,1.9,1.4,UTA
2,3,Rudy Gobert,29,42,1364,25.7,0.728,0.006,0.848,12.8,36.4,25.2,5.3,1.2,6.0,14.3,17.1,5.1,2.8,7.9,0.279,3.4,1.9,5.4,2.6,UTA
3,4,Donovan Mitchell,25,40,1340,21.9,0.566,0.458,0.205,2.8,9.7,6.4,26.9,2.3,0.6,11.6,33.0,2.9,1.4,4.3,0.154,4.1,-0.4,3.7,2.0,UTA
4,5,Jordan Clarkson,29,47,1237,14.0,0.515,0.562,0.14,3.2,10.7,7.1,14.0,1.3,0.8,10.0,27.3,0.5,1.0,1.5,0.059,0.1,-1.6,-1.4,0.2,UTA
5,6,Mike Conley,34,42,1197,18.4,0.601,0.541,0.203,2.3,8.8,5.7,26.8,1.9,0.8,12.0,20.2,3.4,1.1,4.5,0.18,3.4,0.2,3.5,1.7,UTA
6,7,Joe Ingles,34,42,1063,10.6,0.561,0.786,0.074,1.3,10.7,6.2,19.0,1.1,0.4,14.1,13.3,1.4,0.8,2.2,0.097,-0.3,0.3,0.0,0.5,UTA
7,8,Hassan Whiteside,32,37,622,22.1,0.644,0.0,0.474,15.3,28.5,22.2,3.4,0.8,6.8,12.5,18.9,1.8,1.1,2.9,0.224,-0.1,0.8,0.7,0.4,UTA
8,9,Rudy Gay,35,30,609,14.9,0.566,0.569,0.227,5.4,18.9,12.5,7.6,1.4,1.3,8.5,19.3,1.0,0.7,1.7,0.133,0.8,-0.2,0.6,0.4,UTA
9,10,Eric Paschall,25,34,416,13.1,0.615,0.484,0.377,6.0,11.2,8.7,6.1,0.5,0.8,11.8,16.8,0.8,0.3,1.0,0.117,-0.1,-1.2,-1.2,0.1,UTA
10,11,Trent Forrest,23,37,374,9.6,0.604,0.115,0.41,3.9,12.8,8.6,14.1,1.3,0.7,27.3,11.5,0.2,0.3,0.5,0.069,-2.4,0.8,-1.6,0.0,UTA
11,12,Jared Butler,21,21,131,10.2,0.5,0.557,0.148,0.9,11.9,6.6,18.1,3.0,3.9,20.7,27.2,-0.2,0.2,0.0,-0.01,-3.9,1.4,-2.5,0.0,UTA
12,13,Danuel House Jr.,28,5,108,13.2,0.57,0.6,0.44,2.1,12.5,7.5,12.4,1.4,2.4,6.3,12.8,0.2,0.1,0.3,0.139,0.5,0.0,0.4,0.1,UTA
13,14,Elijah Hughes,23,11,76,15.3,0.711,0.75,0.125,0.0,15.0,7.8,9.5,1.9,0.0,16.5,17.3,0.1,0.1,0.2,0.141,1.7,0.5,2.2,0.1,UTA
14,15,Udoka Azubuike,22,8,54,7.0,0.619,0.0,0.25,4.2,19.2,12.0,0.0,0.9,6.4,36.0,11.2,-0.1,0.1,0.0,0.005,-6.5,0.6,-5.8,-0.1,UTA
15,16,Miye Oni,24,16,44,0.5,0.265,0.889,0.111,2.6,14.2,8.6,14.2,0.0,0.0,9.6,10.3,-0.1,0.0,0.0,-0.033,-7.3,-0.5,-7.9,-0.1,UTA
16,17,Malik Fitts,24,7,35,-1.5,0.333,0.444,0.0,0.0,29.7,15.5,0.0,0.0,0.0,18.2,13.7,-0.1,0.0,-0.1,-0.106,-7.9,-2.3,-10.2,-0.1,UTA
17,18,Norvel Pelle,28,3,19,12.5,0.6,0.0,0.0,17.9,16.4,17.1,0.0,0.0,4.5,28.6,16.0,0.0,0.0,0.0,0.043,-2.7,-4.4,-7.1,0.0,UTA
18,19,Denzel Valentine,28,2,18,4.3,0.625,0.75,0.0,0.0,23.1,12.0,0.0,2.7,0.0,33.3,14.5,0.0,0.0,0.0,-0.025,-7.6,1.5,-6.2,0.0,UTA
19,20,Zylan Cheatham,26,1,5,-23.8,0.0,0.667,0.0,0.0,0.0,0.0,0.0,0.0,0.0,0.0,26.1,-0.1,0.0,-0.1,-0.62,-18.8,-11.4,-30.2,0.0,UTA
0,1,Dorian Finney-Smith,28,46,1479,12.3,0.566,0.599,0.14,5.3,11.3,8.3,8.9,1.9,1.5,9.9,14.1,1.5,2.1,3.6,0.117,-0.3,1.1,0.9,1.1,DAL
1,2,Jalen Brunson,25,46,1432,18.0,0.57,0.23,0.216,2.0,11.4,6.6,29.3,1.5,0.1,10.9,22.4,2.9,1.7,4.6,0.153,1.3,0.4,1.7,1.3,DAL
2,3,Tim Hardaway Jr.,29,41,1235,12.9,0.517,0.573,0.187,1.1,12.7,6.9,11.6,1.5,0.4,5.6,21.8,0.6,1.6,2.2,0.085,-0.4,0.1,-0.3,0.5,DAL
3,4,Luka Dončić,22,32,1126,21.9,0.535,0.377,0.309,2.6,25.0,13.7,45.7,1.7,1.2,16.2,36.3,0.6,2.0,2.6,0.11,4.3,1.6,6.0,2.3,DAL
4,5,Dwight Powell,30,47,948,16.1,0.69,0.147,0.503,10.5,13.7,12.1,8.2,1.1,1.5,12.1,12.9,2.7,1.2,3.9,0.197,-0.3,0.6,0.3,0.5,DAL
5,6,Kristaps Porziņģis,26,31,938,23.3,0.571,0.345,0.345,7.3,21.7,14.5,12.4,1.2,5.5,8.0,28.1,2.1,1.8,3.8,0.195,3.3,1.0,4.3,1.5,DAL
6,7,Reggie Bullock,30,39,918,7.6,0.512,0.75,0.083,1.9,12.6,7.2,6.8,0.8,0.5,7.4,12.5,0.2,1.0,1.2,0.061,-2.5,0.0,-2.5,-0.1,DAL
7,8,Maxi Kleber,30,32,791,11.2,0.564,0.754,0.162,4.8,20.3,12.5,6.8,0.8,3.3,11.3,13.1,0.6,1.2,1.8,0.111,-1.0,1.4,0.5,0.5,DAL
8,9,Sterling Brown,26,36,513,9.5,0.523,0.617,0.086,4.7,22.3,13.4,8.0,1.2,0.9,13.7,13.4,0.1,0.8,0.8,0.079,-2.6,0.5,-2.1,0.0,DAL
9,10,Frank Ntilikina,23,36,459,10.1,0.502,0.517,0.129,1.7,10.6,6.1,15.0,2.4,0.6,12.9,17.4,0.0,0.7,0.6,0.065,-3.2,1.2,-2.0,0.0,DAL
10,11,Josh Green,21,32,389,13.6,0.603,0.219,0.219,5.3,11.3,8.3,13.1,2.2,1.2,11.7,13.7,0.6,0.6,1.2,0.147,-2.1,2.0,-0.1,0.2,DAL
11,12,Trey Burke,29,23,270,14.2,0.512,0.388,0.127,0.8,8.6,4.7,26.1,1.7,0.0,10.2,26.1,0.1,0.3,0.4,0.074,-0.8,-0.7,-1.5,0.0,DAL
12,13,Willie Cauley-Stein,28,18,177,8.5,0.474,0.057,0.057,8.0,15.6,11.7,7.1,1.7,1.5,16.3,10.8,0.0,0.3,0.3,0.069,-4.0,0.9,-3.1,0.0,DAL
13,14,Moses Brown,22,25,165,15.6,0.588,0.0,0.86,10.5,28.7,19.5,0.0,0.9,4.4,16.9,22.5,0.1,0.3,0.4,0.118,-4.6,-0.6,-5.2,-0.1,DAL
14,15,Marquese Chriss,24,14,149,17.5,0.666,0.25,0.286,7.3,28.1,17.6,4.7,0.7,2.4,14.9,22.2,0.2,0.3,0.5,0.152,-1.8,0.7,-1.1,0.0,DAL
15,16,Theo Pinson,26,12,96,9.6,0.435,0.741,0.148,0.0,18.4,9.1,17.4,2.1,1.9,6.5,14.3,0.0,0.2,0.2,0.082,-2.9,2.3,-0.6,0.0,DAL
16,17,Boban Marjanović,33,16,95,21.3,0.627,0.054,0.286,8.0,26.7,17.3,4.8,0.0,1.9,14.9,34.9,0.0,0.1,0.1,0.07,-1.5,-1.2,-2.7,0.0,DAL
17,18,Brandon Knight,30,3,54,17.3,0.638,0.65,0.4,0.0,14.3,7.1,23.3,0.9,0.0,14.5,22.8,0.1,0.1,0.2,0.174,-0.2,-0.8,-1.0,0.0,DAL
18,19,Carlik Jones,24,3,19,-3.8,0.127,0.143,0.286,5.7,11.6,8.6,32.7,2.6,0.0,27.6,25.6,-0.2,0.0,-0.1,-0.333,-12.7,-4.1,-16.8,-0.1,DAL
19,20,George King,28,4,19,-12.4,0.085,0.8,0.4,0.0,29.0,14.4,0.0,0.0,0.0,14.5,16.2,-0.1,0.0,-0.1,-0.29,-16.3,-3.3,-19.6,-0.1,DAL
20,21,Eugene Omoruyi,24,4,18,17.3,0.518,0.4,0.8,12.1,30.6,21.3,16.0,0.0,0.0,0.0,16.8,0.1,0.0,0.1,0.208,3.4,0.6,4.0,0.0,DAL
21,22,Charlie Brown Jr.,24,3,15,5.1,0.2,0.6,0.0,0.0,7.3,3.6,9.0,6.7,6.0,0.0,14.9,-0.1,0.0,0.0,-0.041,-7.4,5.3,-2.1,0.0,DAL
22,23,Isaiah Thomas,32,1,13,13.0,0.375,0.375,0.0,0.0,0.0,0.0,53.7,0.0,0.0,0.0,27.5,0.0,0.0,0.0,0.016,-0.4,-3.5,-3.9,0.0,DAL
23,24,JaQuori McLaughlin,24,4,11,-2.9,0.0,0.5,0.0,0.0,0.0,0.0,22.6,0.0,0.0,0.0,8.1,0.0,0.0,0.0,-0.098,-9.2,-4.2,-13.4,0.0,DAL
0,1,Aaron Gordon,26,42,1343,15.7,0.608,0.306,0.297,6.0,13.4,9.8,11.8,1.0,1.7,12.8,18.9,2.1,1.1,3.2,0.116,0.7,-0.9,-0.1,0.6,DEN
1,2,Nikola Jokić,26,40,1327,33.2,0.65,0.237,0.306,9.5,36.3,23.1,42.4,2.1,2.3,14.9,31.6,5.8,2.4,8.3,0.299,9.6,4.6,14.2,5.4,DEN
2,3,Will Barton,31,40,1306,14.3,0.541,0.475,0.123,2.1,14.2,8.2,19.3,1.3,1.3,11.3,21.7,0.8,1.1,2.0,0.073,1.0,-0.7,0.3,0.8,DEN
3,4,Monte Morris,26,42,1260,13.7,0.558,0.405,0.081,1.2,9.1,5.2,20.4,1.2,0.4,9.4,18.4,1.5,0.8,2.4,0.09,-0.2,-1.0,-1.1,0.3,DEN
4,5,Jeff Green,35,41,1032,12.7,0.613,0.315,0.325,2.4,11.7,7.1,7.5,0.6,1.9,10.5,17.3,1.4,0.7,2.1,0.097,-1.6,-1.1,-2.6,-0.2,DEN
5,6,Facundo Campazzo,30,44,960,12.3,0.523,0.633,0.234,2.0,8.7,5.4,24.6,2.6,1.9,16.5,15.2,0.8,1.1,1.9,0.096,-1.6,1.0,-0.6,0.3,DEN
6,7,Austin Rivers,29,32,662,6.2,0.499,0.659,0.119,1.9,7.3,4.6,6.9,1.3,0.3,11.5,14.1,-0.3,0.4,0.1,0.01,-4.1,-0.8,-4.9,-0.5,DEN
7,8,Bones Hyland,21,34,600,10.4,0.5,0.626,0.136,1.3,14.3,7.9,14.0,1.4,1.4,11.1,24.1,-0.4,0.6,0.2,0.016,-2.4,-1.2,-3.6,-0.2,DEN
8,9,JaMychal Green,31,35,523,12.8,0.542,0.455,0.251,6.7,20.4,13.6,7.6,2.3,3.0,14.7,18.5,0.1,0.8,0.9,0.083,-3.1,0.9,-2.3,0.0,DEN
9,10,Zeke Nnaji,21,29,434,14.7,0.622,0.437,0.365,8.8,16.0,12.5,2.6,0.8,1.7,5.8,15.9,0.9,0.4,1.3,0.145,-0.2,-2.0,-2.2,0.0,DEN
10,11,PJ Dozier,25,18,340,9.1,0.463,0.485,0.131,4.6,15.9,10.3,11.6,1.6,1.6,11.0,15.4,-0.1,0.4,0.3,0.042,-2.9,0.7,-2.2,0.0,DEN
11,12,Davon Reed,26,19,310,12.3,0.589,0.486,0.071,3.3,16.0,9.7,9.6,2.6,0.9,5.2,10.9,0.5,0.4,0.8,0.131,-1.4,1.7,0.3,0.2,DEN
12,13,Michael Porter Jr.,23,9,265,7.9,0.416,0.466,0.087,3.8,20.8,12.4,9.1,1.9,0.7,10.1,20.0,-0.5,0.3,-0.2,-0.029,-3.8,0.2,-3.6,-0.1,DEN
13,14,Vlatko Čančar,24,14,152,14.3,0.678,0.308,0.308,4.5,12.3,8.4,12.3,0.7,1.8,15.3,15.3,0.3,0.1,0.4,0.128,0.0,-0.7,-0.8,0.0,DEN
14,15,Markus Howard,22,17,118,11.9,0.533,0.75,0.125,0.0,4.7,2.4,6.5,2.5,0.0,8.2,27.7,-0.1,0.1,0.0,0.017,-1.2,-1.8,-3.1,0.0,DEN
15,16,Bol Bol,22,13,81,14.6,0.583,0.148,0.111,5.6,21.7,13.8,9.4,0.6,2.3,12.4,17.7,0.1,0.1,0.1,0.086,-0.4,-0.7,-1.1,0.0,DEN
16,17,Bryn Forbes,28,2,40,6.3,0.459,0.364,0.091,2.8,2.8,2.8,3.9,0.0,0.0,0.0,25.4,0.0,0.0,0.0,-0.019,-6.1,-5.6,-11.6,-0.1,DEN
17,18,Petr Cornelie,26,13,38,10.1,0.418,0.533,0.267,20.8,20.3,20.5,11.1,1.3,2.5,19.3,24.3,-0.1,0.0,0.0,-0.01,-5.9,-2.9,-8.8,-0.1,DEN
18,19,Rayjon Tucker,24,3,29,14.1,0.798,1.0,2.0,3.9,11.4,7.7,17.1,1.7,0.0,0.0,5.8,0.1,0.0,0.1,0.221,0.7,1.1,1.8,0.0,DEN
19,20,James Ennis III,31,3,14,4.0,0.311,0.333,0.167,8.1,7.9,8.0,30.6,0.0,0.0,13.4,23.6,0.0,0.0,0.0,-0.134,-7.1,-4.1,-11.2,0.0,DEN
20,21,DeMarcus Cousins,31,1,12,-15.6,0.127,0.429,0.286,9.4,45.9,27.9,11.0,0.0,0.0,11.3,32.9,-0.1,0.0,-0.1,-0.505,-23.6,-9.0,-32.6,-0.1,DEN
21,22,Carlik Jones,24,2,4,9.4,0.5,0.0,0.0,0.0,0.0,0.0,0.0,0.0,0.0,0.0,22.2,0.0,0.0,0.0,-0.027,-2.8,-3.9,-6.7,0.0,DEN
0,1,Anthony Edwards,20,40,1401,17.0,0.563,0.479,0.191,3.0,12.8,7.7,16.9,2.1,1.9,13.4,27.1,1.1,1.5,2.6,0.089,2.1,-0.2,1.9,1.4,MIN
1,2,Karl-Anthony Towns,26,39,1345,23.2,0.626,0.326,0.355,8.2,20.4,14.0,18.2,1.5,3.5,15.1,27.6,3.4,1.7,5.2,0.184,4.3,0.6,4.9,2.3,MIN
2,3,Malik Beasley,25,46,1226,10.6,0.508,0.726,0.054,1.5,11.2,6.2,9.0,1.0,0.5,5.7,19.8,0.5,0.7,1.3,0.051,-0.2,-1.5,-1.7,0.1,MIN
3,4,D'Angelo Russell,25,36,1169,17.3,0.542,0.534,0.217,1.0,11.2,5.9,34.3,1.4,1.6,13.2,26.0,1.9,0.9,2.8,0.116,3.0,-0.9,2.1,1.2,MIN
4,5,Jaden McDaniels,21,43,1110,8.7,0.498,0.443,0.11,5.2,13.1,9.0,5.5,1.5,2.6,11.8,15.0,-0.1,1.1,1.0,0.044,-4.1,-0.1,-4.2,-0.6,MIN
5,6,Jarred Vanderbilt,22,41,1058,16.3,0.61,0.05,0.313,12.5,25.2,18.6,7.2,3.0,2.7,15.8,10.7,1.8,1.9,3.7,0.168,-0.7,1.7,1.0,0.8,MIN
6,7,Patrick Beverley,33,32,834,15.3,0.517,0.514,0.251,4.6,14.0,9.1,26.9,2.1,3.5,12.1,15.3,1.4,1.0,2.5,0.142,0.8,2.4,3.2,1.1,MIN
7,8,Naz Reid,22,43,706,17.0,0.55,0.352,0.309,9.5,17.3,13.3,7.3,1.4,6.4,11.5,22.6,0.8,0.9,1.7,0.116,-0.6,0.1,-0.5,0.3,MIN
8,9,Taurean Prince,27,35,510,9.3,0.544,0.629,0.182,2.6,12.3,7.3,7.9,1.4,1.4,12.0,14.3,0.2,0.4,0.7,0.063,-2.5,-0.1,-2.6,-0.1,MIN
9,10,Jaylen Nowell,22,31,451,19.5,0.577,0.346,0.215,2.3,13.4,7.6,23.1,1.8,1.3,6.7,22.2,1.2,0.4,1.6,0.172,2.4,0.3,2.7,0.5,MIN
10,11,Josh Okogie,23,30,385,7.8,0.464,0.458,0.514,6.6,10.0,8.2,6.1,2.1,2.3,14.5,11.2,0.0,0.4,0.4,0.049,-4.2,0.6,-3.6,-0.2,MIN
11,12,Jordan McLaughlin,25,29,316,8.3,0.364,0.378,0.297,1.9,8.4,5.0,27.2,2.7,0.3,18.5,13.5,-0.2,0.3,0.1,0.015,-4.5,0.3,-4.2,-0.2,MIN
12,13,Leandro Bolmaro,21,24,186,3.7,0.389,0.375,0.281,8.2,11.9,10.0,7.5,1.3,0.0,25.0,10.7,-0.2,0.1,-0.1,-0.015,-6.1,-0.7,-6.8,-0.2,MIN
13,14,Nathan Knight,24,23,184,16.6,0.577,0.14,0.8,12.2,21.0,16.4,10.8,1.0,3.8,15.1,18.0,0.4,0.2,0.6,0.149,-1.6,0.1,-1.5,0.0,MIN
14,15,Jake Layman,27,20,159,6.7,0.444,0.522,0.174,2.6,13.2,7.7,4.3,1.8,1.9,12.4,14.8,-0.2,0.2,0.0,-0.003,-5.2,-0.6,-5.8,-0.2,MIN
15,16,Greg Monroe,31,3,63,19.0,0.617,0.0,0.357,8.1,28.0,17.6,25.2,1.5,6.3,19.8,13.4,0.1,0.1,0.2,0.181,-0.2,4.4,4.2,0.1,MIN
16,17,McKinley Wright IV,23,3,9,14.1,0.833,0.667,0.0,0.0,0.0,0.0,18.1,0.0,0.0,25.0,18.5,0.0,0.0,0.0,0.088,0.4,-2.8,-2.4,0.0,MIN
17,18,Chris Silva,25,1,3,3.9,,,,0.0,36.8,17.6,0.0,0.0,0.0,,0.0,0.0,0.0,0.0,0.056,-5.8,-1.1,-6.9,0.0,MIN
0,1,Russell Westbrook,33,47,1638,15.6,0.505,0.214,0.323,4.4,20.0,12.3,34.6,1.5,0.7,18.3,27.7,-0.1,1.7,1.6,0.046,-0.5,-0.6,-1.1,0.3,LAL
1,2,LeBron James,37,35,1285,26.8,0.615,0.377,0.286,3.3,18.8,11.1,31.0,2.1,2.7,11.9,31.2,3.8,1.7,5.5,0.204,6.9,1.3,8.2,3.3,LAL
2,3,Carmelo Anthony,37,44,1180,14.7,0.578,0.565,0.224,3.5,12.9,8.2,5.2,1.3,2.7,6.6,19.8,1.6,1.0,2.7,0.108,0.5,-0.8,-0.3,0.5,LAL
3,4,Malik Monk,23,42,1097,14.3,0.608,0.554,0.131,2.0,10.2,6.1,12.9,1.3,1.6,11.8,18.2,1.4,0.8,2.2,0.098,0.5,-0.7,-0.2,0.5,LAL
4,5,Anthony Davis,28,27,955,23.3,0.569,0.116,0.334,8.3,21.2,14.8,13.7,1.6,5.2,9.8,27.5,1.7,1.4,3.1,0.154,2.2,0.6,2.9,1.2,LAL
5,6,Avery Bradley,31,39,932,9.0,0.552,0.591,0.058,2.4,8.3,5.4,5.1,1.8,0.8,8.1,12.4,0.5,0.7,1.2,0.06,-2.8,0.1,-2.7,-0.2,LAL
6,7,Talen Horton-Tucker,21,31,834,10.3,0.495,0.331,0.217,2.6,11.1,6.9,14.2,1.7,1.6,12.8,19.3,-0.2,0.7,0.5,0.028,-3.6,-0.5,-4.1,-0.5,LAL
7,8,Wayne Ellington,34,31,614,8.6,0.58,0.915,0.03,1.2,7.3,4.3,4.8,1.2,0.3,7.7,12.6,0.4,0.3,0.7,0.056,-1.3,-0.7,-2.0,0.0,LAL
8,9,Austin Reaves,23,28,579,9.2,0.627,0.56,0.319,2.2,10.3,6.3,6.7,0.7,0.5,11.4,11.0,0.7,0.3,1.0,0.082,-2.7,-1.0,-3.6,-0.2,LAL
9,10,Dwight Howard,36,37,551,18.1,0.661,0.08,0.661,13.9,24.7,19.4,5.3,2.3,4.0,17.7,13.7,1.2,0.9,2.1,0.182,-0.7,0.8,0.1,0.3,LAL
10,11,Kent Bazemore,32,25,416,6.4,0.448,0.538,0.123,2.1,10.6,6.4,6.9,2.3,1.3,8.2,12.5,-0.2,0.4,0.2,0.027,-4.9,1.1,-3.8,-0.2,LAL
11,12,DeAndre Jordan,33,29,377,18.4,0.674,0.0,0.198,12.8,32.0,22.5,5.0,1.3,6.0,16.9,12.8,0.7,0.7,1.4,0.178,-1.0,1.1,0.1,0.2,LAL
12,13,Rajon Rondo,35,18,289,6.8,0.383,0.423,0.028,3.7,14.1,9.0,30.1,2.0,1.6,32.1,15.7,-0.6,0.3,-0.3,-0.042,-4.6,0.2,-4.5,-0.2,LAL
13,14,Stanley Johnson,25,13,268,11.9,0.658,0.544,0.333,2.4,11.3,6.9,8.6,1.8,1.7,9.7,11.6,0.5,0.2,0.7,0.132,-2.1,0.5,-1.6,0.0,LAL
14,15,Trevor Ariza,36,13,245,6.6,0.47,0.844,0.089,1.8,17.1,9.5,7.8,1.2,0.7,13.0,9.4,-0.1,0.2,0.1,0.029,-2.9,-0.3,-3.1,-0.1,LAL
15,16,Isaiah Thomas,32,4,101,3.4,0.422,0.564,0.282,1.1,7.3,4.2,8.1,0.0,1.8,10.2,20.7,-0.2,0.0,-0.2,-0.073,-5.7,-2.7,-8.4,-0.2,LAL
16,17,Darren Collison,34,3,37,-0.2,0.286,0.429,0.0,0.0,11.3,5.7,6.8,1.3,0.0,12.5,9.3,-0.1,0.0,0.0,-0.063,-9.9,-1.0,-10.8,-0.1,LAL
17,18,Chaundee Brown Jr.,23,2,21,-8.7,0.143,0.429,0.0,0.0,10.0,5.1,0.0,0.0,0.0,12.5,16.3,-0.1,0.0,-0.1,-0.3,-11.3,-5.2,-16.4,-0.1,LAL
18,19,Jay Huff,23,4,20,0.6,0.0,0.667,0.0,5.4,15.7,10.6,5.9,2.4,4.5,25.0,8.6,-0.1,0.0,0.0,-0.111,-8.1,0.8,-7.3,0.0,LAL
19,20,Sekou Doumbouya,21,2,16,41.3,0.717,0.25,0.5,13.4,26.2,19.9,0.0,8.9,11.4,17.0,31.5,0.0,0.1,0.1,0.321,9.1,9.9,19.0,0.1,LAL
20,21,Jemerrio Jones,26,2,15,15.0,0.667,0.0,0.0,14.3,7.0,10.6,0.0,3.2,0.0,0.0,8.6,0.0,0.0,0.1,0.179,-1.0,-0.2,-1.1,0.0,LAL
21,22,Mason Jones,23,2,9,-2.2,0.282,0.25,0.25,11.9,11.6,11.8,0.0,5.3,0.0,10.1,47.0,-0.1,0.0,-0.1,-0.439,-13.3,-4.6,-17.9,0.0,LAL
0,1,Reggie Jackson,31,44,1390,12.3,0.496,0.468,0.13,1.6,9.5,5.7,21.8,1.2,0.3,11.3,26.8,-0.6,1.1,0.5,0.018,-1.0,-1.5,-2.5,-0.2,LAC
1,2,Terance Mann,25,47,1375,12.2,0.569,0.343,0.223,5.2,13.5,9.5,11.5,0.9,0.4,10.6,15.1,1.7,1.3,3.0,0.103,-1.1,-0.2,-1.3,0.2,LAC
2,3,Eric Bledsoe,32,48,1233,12.7,0.514,0.343,0.249,2.3,11.3,6.9,24.3,2.5,1.2,18.8,20.1,-0.3,1.6,1.3,0.051,-2.0,1.0,-0.9,0.3,LAC
3,4,Luke Kennard,25,38,1091,12.1,0.59,0.678,0.106,0.7,11.2,6.1,10.5,1.1,0.4,7.9,16.3,1.3,1.0,2.2,0.098,0.2,0.1,0.2,0.6,LAC
4,5,Ivica Zubac,24,44,1087,19.6,0.706,0.0,0.53,12.2,22.4,17.4,7.3,0.9,3.7,16.0,14.9,3.0,1.7,4.7,0.208,0.4,0.9,1.2,0.9,LAC
5,6,Paul George,31,26,924,18.1,0.528,0.39,0.21,1.3,19.3,10.5,27.7,2.8,0.9,15.2,34.1,-0.6,1.6,0.9,0.049,1.4,1.6,3.0,1.2,LAC
6,7,Marcus Morris,32,26,789,13.4,0.535,0.408,0.227,2.1,15.4,8.9,11.3,0.8,1.0,8.5,23.0,0.4,0.8,1.2,0.074,-0.4,-0.9,-1.3,0.1,LAC
7,8,Nicolas Batum,33,28,729,14.5,0.649,0.741,0.116,1.8,16.7,9.4,9.3,2.0,2.6,11.2,13.5,1.0,1.1,2.1,0.138,0.7,2.3,3.0,0.9,LAC
8,9,Amir Coffey,24,35,711,13.4,0.622,0.632,0.287,2.1,12.5,7.5,11.3,1.2,1.0,6.2,12.9,1.4,0.7,2.2,0.145,0.4,0.7,1.1,0.6,LAC
9,10,Isaiah Hartenstein,23,34,529,24.1,0.68,0.019,0.35,11.4,17.0,14.3,18.6,2.4,6.4,14.4,17.9,1.7,1.0,2.8,0.25,1.6,3.9,5.5,1.0,LAC
10,11,Brandon Boston Jr.,20,31,510,9.8,0.458,0.369,0.22,2.1,13.6,8.0,8.3,1.6,1.3,8.6,22.1,-0.6,0.6,0.0,0.004,-3.5,-0.7,-4.2,-0.3,LAC
11,12,Serge Ibaka,32,29,447,14.1,0.548,0.358,0.138,8.4,19.7,14.2,11.1,0.7,4.0,15.1,19.5,0.2,0.6,0.8,0.084,-1.4,0.2,-1.2,0.1,LAC
12,13,Justise Winslow,25,32,366,12.1,0.484,0.212,0.221,5.6,22.6,14.3,15.1,2.3,3.0,18.4,18.3,-0.3,0.7,0.4,0.048,-3.9,1.7,-2.2,0.0,LAC
13,14,Keon Johnson,19,15,135,9.7,0.44,0.216,0.412,4.8,11.4,8.2,14.1,2.5,1.3,10.4,21.9,-0.1,0.2,0.1,0.025,-5.8,0.1,-5.8,-0.1,LAC
14,15,Jay Scrubb,21,14,95,9.4,0.453,0.475,0.175,2.3,9.7,6.1,11.3,1.5,2.7,10.4,22.2,-0.1,0.1,0.0,-0.016,-4.1,-1.1,-5.1,-0.1,LAC
15,16,Xavier Moon,27,6,83,12.7,0.467,0.294,0.088,1.3,9.9,5.7,18.8,2.9,1.0,7.8,20.3,0.0,0.1,0.1,0.051,-3.4,0.6,-2.8,0.0,LAC
16,17,Wenyen Gabriel,24,6,46,8.5,0.474,0.385,0.308,11.7,20.0,16.0,6.2,1.1,3.7,16.9,17.0,0.0,0.1,0.0,0.047,-6.5,-1.1,-7.6,-0.1,LAC
17,18,James Ennis III,31,2,28,26.9,0.784,0.364,0.364,7.7,11.0,9.4,0.0,1.7,3.0,7.3,21.6,0.1,0.0,0.2,0.288,3.9,0.0,3.9,0.0,LAC
18,19,Moses Wright,23,1,1,32.0,,,,0.0,0.0,0.0,100.0,0.0,0.0,,0.0,0.0,0.0,0.0,0.445,10.9,13.5,24.4,0.0,LAC
0,1,Robert Covington,31,43,1254,10.5,0.532,0.686,0.094,3.1,18.2,10.5,5.8,2.4,4.2,13.6,12.5,0.1,1.3,1.3,0.051,-2.2,1.4,-0.8,0.4,POR
1,2,Jusuf Nurkić,27,43,1168,20.8,0.59,0.102,0.453,10.8,33.5,22.0,16.7,2.2,2.1,17.0,23.3,1.9,1.4,3.3,0.137,0.4,0.6,1.0,0.9,POR
2,3,Norman Powell,28,34,1120,16.1,0.59,0.405,0.36,1.4,8.4,4.8,10.5,1.5,1.3,8.8,22.9,2.0,0.3,2.2,0.096,0.9,-1.7,-0.8,0.3,POR
3,4,Anfernee Simons,22,40,1100,15.5,0.58,0.543,0.14,1.9,8.6,5.2,20.5,0.9,0.5,10.9,23.2,1.8,0.0,1.9,0.082,1.7,-2.3,-0.5,0.4,POR
4,5,Nassir Little,21,41,1059,13.6,0.567,0.487,0.299,5.7,18.3,11.9,7.3,1.2,3.3,10.2,15.8,1.2,0.6,1.9,0.086,-0.8,-0.6,-1.4,0.2,POR
5,6,Damian Lillard,31,29,1056,19.3,0.55,0.514,0.328,1.3,11.4,6.3,33.6,0.8,1.0,11.6,29.5,2.2,0.1,2.3,0.104,4.4,-2.8,1.5,0.9,POR
6,7,CJ McCollum,30,28,983,16.6,0.534,0.435,0.111,3.1,10.3,6.6,21.6,1.5,1.9,10.1,26.6,0.8,0.4,1.2,0.057,2.2,-1.6,0.6,0.6,POR
7,8,Larry Nance Jr.,29,37,858,14.8,0.581,0.313,0.247,7.4,19.7,13.5,12.4,2.2,1.4,11.0,12.5,1.5,0.7,2.1,0.119,0.1,0.5,0.7,0.6,POR
8,9,Ben McLemore,28,29,500,13.3,0.607,0.801,0.117,1.5,7.2,4.3,7.3,1.1,0.8,8.8,20.7,0.7,0.0,0.7,0.069,1.1,-2.2,-1.1,0.1,POR
9,10,Dennis Smith Jr.,24,28,484,13.2,0.475,0.175,0.305,2.9,11.4,7.1,28.8,3.3,2.0,18.6,19.3,-0.1,0.4,0.4,0.036,-2.7,0.8,-1.9,0.0,POR
10,11,Tony Snell,30,32,421,4.8,0.491,0.767,0.041,2.6,12.0,7.2,5.4,0.6,0.9,11.9,8.7,0.0,0.0,0.0,0.005,-3.9,-1.2,-5.1,-0.3,POR
11,12,Cody Zeller,29,27,355,17.8,0.627,0.044,0.544,15.3,23.7,19.4,9.3,1.1,1.6,14.6,16.0,1.0,0.2,1.2,0.162,-0.8,-1.0,-1.8,0.0,POR
12,13,CJ Elleby,21,26,283,11.9,0.544,0.482,0.193,5.8,15.1,10.3,9.4,2.3,0.7,10.9,15.5,0.3,0.2,0.4,0.075,-2.2,-0.3,-2.5,0.0,POR
13,14,Trendon Watford,21,20,191,13.4,0.531,0.075,0.434,8.5,20.0,14.2,11.7,0.8,5.0,17.1,17.4,0.1,0.1,0.2,0.054,-3.0,-0.5,-3.5,-0.1,POR
14,15,Greg Brown III,20,18,85,10.1,0.436,0.194,0.419,10.2,18.5,14.3,9.0,1.2,4.5,14.0,21.9,-0.1,0.1,-0.1,-0.03,-5.4,-1.8,-7.2,-0.1,POR
15,16,Cameron McGriff,24,3,46,12.9,0.47,0.429,0.143,14.2,21.9,18.0,9.3,0.0,2.1,0.0,14.1,0.1,0.0,0.1,0.114,-0.5,-3.1,-3.6,0.0,POR
16,17,Reggie Perry,21,2,41,8.8,0.557,0.222,0.222,5.3,13.7,9.4,6.9,1.2,0.0,9.2,11.6,0.0,0.0,0.1,0.068,-4.3,-2.1,-6.4,0.0,POR
17,18,Keljin Blevins,26,6,36,3.3,0.505,0.818,0.182,0.0,9.3,4.6,8.0,0.0,0.0,20.2,18.0,-0.1,0.0,-0.1,-0.101,-3.2,-5.4,-8.6,-0.1,POR
18,19,Jarron Cumberland,24,3,12,8.7,0.5,0.5,0.0,9.1,18.7,13.8,11.5,0.0,0.0,0.0,7.3,0.0,0.0,0.0,0.091,-3.8,-2.3,-6.2,0.0,POR
19,20,Brandon Williams,22,2,12,26.8,0.658,0.0,2.333,0.0,18.7,9.2,26.0,0.0,0.0,0.0,22.1,0.1,0.0,0.1,0.289,5.1,-0.9,4.2,0.0,POR
0,1,Jonas Valančiūnas,29,43,1359,21.4,0.606,0.179,0.297,11.4,30.3,20.6,13.6,0.8,2.6,13.9,23.9,2.9,1.4,4.3,0.15,2.5,-0.6,1.9,1.3,NOP
1,2,Devonte' Graham,26,43,1349,13.0,0.523,0.677,0.161,1.6,7.5,4.5,22.0,1.6,0.6,10.5,20.6,1.2,0.6,1.8,0.062,0.8,-1.5,-0.7,0.4,NOP
2,3,Herbert Jones,23,43,1259,12.7,0.582,0.24,0.25,4.3,9.6,6.9,9.6,2.5,3.1,11.8,13.1,1.4,1.2,2.6,0.099,-1.8,1.3,-0.5,0.5,NOP
3,4,Brandon Ingram,24,36,1238,18.0,0.538,0.253,0.298,2.4,17.2,9.6,26.9,0.9,0.9,11.2,29.4,1.5,0.6,2.1,0.081,2.5,-1.1,1.4,1.1,NOP
4,5,Josh Hart,26,37,1230,15.9,0.613,0.329,0.395,4.3,20.8,12.4,19.5,1.4,0.8,15.2,16.8,2.2,1.0,3.2,0.123,0.3,0.5,0.8,0.9,NOP
5,6,Nickeil Alexander-Walker,23,43,1148,10.5,0.465,0.485,0.14,3.1,10.7,6.8,15.9,1.6,1.2,10.3,24.4,-0.9,0.6,-0.2,-0.01,-1.7,-1.7,-3.4,-0.4,NOP
6,7,Garrett Temple,35,44,862,9.6,0.522,0.627,0.136,3.2,12.0,7.5,8.9,1.9,1.9,12.3,14.2,0.1,0.6,0.8,0.044,-2.4,-0.1,-2.5,-0.1,NOP
7,8,Jaxson Hayes,21,34,479,19.2,0.649,0.107,0.537,9.9,17.5,13.6,4.0,1.2,4.7,11.1,18.6,1.2,0.5,1.7,0.166,-0.4,-0.5,-0.9,0.1,NOP
8,9,Tomáš Satoranský,30,31,462,7.0,0.386,0.291,0.243,4.1,10.9,7.4,21.0,1.5,0.2,16.8,12.8,-0.2,0.2,0.0,-0.004,-4.8,-0.7,-5.5,-0.4,NOP
9,10,Trey Murphy III,21,36,459,8.5,0.477,0.724,0.127,5.8,12.4,9.0,6.2,1.2,1.0,7.2,14.3,0.1,0.2,0.3,0.037,-2.1,-1.6,-3.7,-0.2,NOP
10,11,Willy Hernangómez,27,22,342,23.1,0.604,0.024,0.408,17.3,31.9,24.4,13.7,1.2,1.4,11.9,21.1,1.0,0.4,1.4,0.191,2.4,-1.2,1.2,0.3,NOP
11,12,Kira Lewis Jr.,20,24,341,10.1,0.466,0.397,0.082,2.8,9.8,6.2,22.9,1.6,0.3,14.7,22.4,-0.3,0.2,-0.1,-0.02,-2.5,-1.6,-4.1,-0.2,NOP
12,13,Naji Marshall,24,23,220,9.2,0.453,0.4,0.414,6.7,21.3,13.8,13.0,2.0,1.3,19.5,20.1,-0.3,0.2,-0.1,-0.012,-5.0,-0.5,-5.5,-0.2,NOP
13,14,Jose Alvarado,23,19,178,14.7,0.45,0.475,0.254,3.6,7.5,5.5,23.8,5.3,0.5,5.7,16.8,0.2,0.3,0.4,0.11,-1.9,3.9,2.0,0.2,NOP
14,15,Gary Clark,27,14,147,10.4,0.541,0.842,0.105,5.0,19.0,11.8,4.8,1.0,1.3,9.1,12.8,0.1,0.1,0.2,0.058,-0.1,-1.6,-1.7,0.0,NOP
15,16,Jared Harper,24,2,10,21.6,0.5,0.286,0.0,10.6,0.0,5.4,59.9,0.0,9.5,12.5,34.4,0.0,0.0,0.0,0.109,5.2,-1.8,3.4,0.0,NOP
16,17,Didi Louzada,22,2,7,-1.1,0.0,1.0,0.0,30.2,0.0,15.5,17.8,0.0,0.0,0.0,18.4,0.0,0.0,0.0,-0.252,-3.8,-8.7,-12.5,0.0,NOP
0,1,Tyrese Haliburton,21,44,1501,17.6,0.588,0.436,0.157,2.3,10.0,6.1,30.4,2.3,1.7,15.8,17.6,2.9,0.9,3.8,0.122,2.7,0.3,2.9,1.9,SAC
1,2,De'Aaron Fox,24,43,1468,16.5,0.532,0.213,0.344,1.5,10.3,5.9,24.6,1.7,1.0,12.4,28.1,1.0,0.6,1.6,0.053,-0.1,-1.3,-1.4,0.2,SAC
2,3,Harrison Barnes,29,43,1443,16.2,0.616,0.443,0.459,3.5,15.6,9.5,10.2,1.0,0.5,10.8,19.1,3.0,0.5,3.5,0.116,2.1,-1.3,0.8,1.0,SAC
3,4,Buddy Hield,29,48,1395,13.5,0.554,0.711,0.146,2.6,11.9,7.2,10.2,1.5,0.8,10.1,22.3,1.1,0.5,1.6,0.055,1.3,-1.5,-0.2,0.6,SAC
4,5,Davion Mitchell,23,42,1031,10.2,0.465,0.393,0.093,2.4,7.6,5.0,18.9,1.4,1.1,9.2,18.8,0.0,0.2,0.2,0.009,-2.2,-1.3,-3.5,-0.4,SAC
5,6,Richaun Holmes,28,30,773,20.9,0.732,0.018,0.299,9.7,24.2,16.9,7.5,0.7,3.6,13.9,16.2,2.4,0.6,3.0,0.187,1.5,0.1,1.6,0.7,SAC
6,7,Chimezie Metu,24,32,710,13.1,0.505,0.447,0.164,3.2,25.9,14.5,7.1,1.9,2.4,9.4,18.6,0.0,0.8,0.7,0.049,-1.2,0.0,-1.2,0.2,SAC
7,8,Marvin Bagley III,22,27,593,15.2,0.523,0.253,0.209,11.3,24.0,17.6,4.0,0.6,1.3,6.8,18.9,0.7,0.3,1.1,0.085,-0.4,-2.8,-3.2,-0.2,SAC
8,9,Maurice Harkless,28,30,551,6.5,0.533,0.566,0.142,1.2,12.2,6.7,3.8,1.0,2.6,13.8,10.1,-0.1,0.2,0.1,0.012,-3.6,0.1,-3.6,-0.2,SAC
9,10,Terence Davis,24,29,527,15.0,0.543,0.561,0.156,2.2,16.4,9.3,11.7,2.3,1.7,10.5,25.3,0.2,0.4,0.6,0.057,-0.4,-0.6,-0.9,0.2,SAC
10,11,Alex Len,28,30,523,13.6,0.569,0.126,0.344,9.8,19.8,14.8,9.9,0.9,4.0,17.9,17.3,0.4,0.4,0.8,0.074,-2.9,0.0,-2.9,-0.1,SAC
11,12,Tristan Thompson,30,30,455,15.5,0.521,0.007,0.397,16.9,20.9,18.9,5.8,1.2,2.2,14.1,19.3,0.4,0.3,0.7,0.074,-1.5,-2.0,-3.5,-0.2,SAC
12,13,Damian Jones,26,28,405,15.3,0.63,0.117,0.476,11.6,19.3,15.4,9.6,0.6,2.5,18.4,16.1,0.7,0.2,0.9,0.11,-1.4,-1.1,-2.5,0.0,SAC
13,14,Jahmi'us Ramsey,20,15,83,7.4,0.456,0.324,0.294,1.3,5.1,3.2,5.3,0.6,1.0,5.0,20.7,-0.1,0.0,-0.1,-0.045,-3.9,-3.3,-7.2,-0.1,SAC
14,15,Louis King,22,5,55,11.2,0.499,0.615,0.269,0.0,15.5,7.8,2.7,1.8,0.0,0.0,22.5,0.0,0.0,0.1,0.057,-2.2,-1.8,-4.0,0.0,SAC
15,16,Neemias Queta,22,6,40,10.0,0.388,0.0,0.267,16.0,18.7,17.3,10.4,1.2,2.1,10.7,20.0,0.0,0.0,0.0,0.0,-5.4,-1.9,-7.3,-0.1,SAC
16,17,Justin Robinson,24,3,15,-13.4,0.125,0.375,0.0,0.0,7.1,3.6,17.1,0.0,0.0,11.1,25.6,-0.1,0.0,-0.1,-0.45,-18.1,-8.0,-26.1,-0.1,SAC
17,18,Robert Woodard II,22,8,15,2.4,0.512,0.25,0.5,0.0,14.2,7.1,0.0,0.0,0.0,17.0,16.7,0.0,0.0,0.0,-0.05,-6.3,-3.4,-9.7,0.0,SAC
18,19,Emmanuel Mudiay,25,2,11,12.8,0.399,0.0,2.0,0.0,0.0,0.0,43.0,4.4,0.0,21.0,18.4,0.0,0.0,0.0,0.031,-2.2,1.3,-1.0,0.0,SAC
19,20,Ade Murkey,24,1,1,0.0,,,,0.0,0.0,0.0,0.0,0.0,0.0,,0.0,0.0,0.0,0.0,-0.024,-6.9,-2.5,-9.4,0.0,SAC
0,1,Dejounte Murray,25,42,1446,21.5,0.508,0.237,0.148,4.0,21.7,12.7,39.9,2.8,0.9,11.2,26.3,2.1,2.0,4.2,0.139,3.2,1.7,4.8,2.5,SAS
1,2,Keldon Johnson,22,43,1320,13.7,0.559,0.323,0.238,3.4,17.7,10.5,7.7,1.1,0.4,8.9,20.1,1.1,1.1,2.2,0.08,-0.4,-1.3,-1.6,0.1,SAS
2,3,Derrick White,27,42,1278,16.4,0.537,0.439,0.278,1.9,10.3,6.1,25.4,1.7,2.5,11.2,21.0,1.8,1.2,3.0,0.112,1.2,0.4,1.6,1.2,SAS
3,4,Jakob Poeltl,26,39,1136,20.0,0.587,0.0,0.278,14.2,18.0,16.1,13.5,1.1,4.7,12.8,18.1,2.3,1.4,3.7,0.155,0.7,0.4,1.0,0.9,SAS
4,5,Lonnie Walker IV,23,43,979,11.8,0.494,0.467,0.177,0.8,11.3,6.0,14.4,1.3,1.1,8.3,23.0,-0.1,0.7,0.6,0.031,-1.7,-1.3,-3.0,-0.3,SAS
5,6,Devin Vassell,21,39,976,13.7,0.546,0.503,0.106,2.6,15.0,8.7,7.3,1.9,2.3,6.9,18.8,0.7,1.1,1.7,0.085,-0.5,0.1,-0.5,0.4,SAS
6,7,Doug McDermott,30,32,789,11.1,0.577,0.551,0.09,1.7,8.6,5.1,6.7,0.4,0.3,7.7,18.2,0.7,0.2,0.9,0.056,-0.5,-2.4,-2.9,-0.2,SAS
7,8,Bryn Forbes,28,40,676,12.9,0.572,0.51,0.166,0.6,9.1,4.8,8.7,1.2,0.4,9.4,21.9,0.5,0.4,0.9,0.062,-0.2,-1.7,-1.9,0.0,SAS
8,9,Keita Bates-Diop,26,39,673,11.9,0.555,0.23,0.236,7.0,18.5,12.7,4.9,1.2,1.6,12.9,14.2,0.4,0.6,1.0,0.075,-2.3,-0.7,-3.0,-0.2,SAS
9,10,Drew Eubanks,24,42,513,15.3,0.576,0.045,0.522,10.0,23.4,16.6,10.6,1.1,4.2,19.9,17.0,0.4,0.7,1.1,0.105,-2.5,0.4,-2.0,0.0,SAS
10,11,Tre Jones,22,37,454,13.6,0.534,0.104,0.172,3.4,13.1,8.2,23.7,1.5,0.0,12.7,15.4,0.6,0.3,0.9,0.099,-1.9,0.0,-1.8,0.0,SAS
11,12,Thaddeus Young,33,24,334,18.5,0.557,0.026,0.172,10.4,15.0,12.7,23.7,2.9,1.7,17.2,19.1,0.4,0.4,0.9,0.123,0.4,1.5,1.9,0.3,SAS
12,13,Jock Landale,26,29,298,18.5,0.624,0.422,0.225,12.3,10.9,11.6,13.6,0.8,3.1,15.1,18.8,0.7,0.2,0.9,0.147,2.1,-0.8,1.3,0.2,SAS
13,14,Joshua Primo,19,20,269,8.9,0.498,0.532,0.156,3.0,8.9,6.0,12.4,1.4,3.1,17.9,15.8,-0.1,0.2,0.1,0.014,-2.6,-0.3,-2.9,0.0,SAS
14,15,Joe Wieskamp,22,13,77,14.5,0.613,0.739,0.304,2.7,6.8,4.7,7.0,1.2,2.2,0.0,14.3,0.2,0.0,0.2,0.135,1.3,-0.3,1.0,0.1,SAS
15,16,Devontae Cacok,25,7,58,25.2,0.667,0.0,0.0,8.8,28.8,18.7,5.3,3.3,7.2,4.5,16.0,0.2,0.1,0.3,0.242,1.8,3.8,5.7,0.1,SAS
16,17,Tyler Johnson,29,3,53,5.6,0.3,0.6,0.0,3.9,7.9,5.8,11.1,1.8,3.1,9.1,8.8,0.0,0.0,0.0,0.006,-4.7,0.9,-3.8,0.0,SAS
17,18,Jaylen Morris,26,3,16,-11.5,0.129,0.333,0.667,0.0,13.1,6.5,14.1,0.0,0.0,11.4,23.2,-0.1,0.0,-0.1,-0.375,-15.7,-5.8,-21.5,-0.1,SAS
18,19,Anthony Lamb,24,2,8,-0.4,0.0,1.0,0.0,0.0,13.1,6.5,28.1,0.0,0.0,0.0,10.6,0.0,0.0,0.0,-0.14,-6.0,-1.9,-7.9,0.0,SAS
19,20,Juancho Hernangómez,26,1,2,-5.9,,,,51.1,0.0,25.8,0.0,0.0,0.0,100.0,21.2,0.0,0.0,0.0,-0.438,-17.9,-13.1,-31.1,0.0,SAS
0,1,Christian Wood,26,44,1357,18.7,0.568,0.359,0.347,6.1,30.0,18.1,11.7,1.2,2.8,10.4,23.7,1.7,1.2,2.9,0.103,1.6,-0.8,0.8,1.0,HOU
1,2,Jae'Sean Tate,26,45,1224,15.4,0.57,0.269,0.264,6.9,15.9,11.4,18.5,1.5,2.1,14.4,20.0,1.6,0.6,2.2,0.086,-0.5,-0.5,-1.0,0.3,HOU
2,3,Eric Gordon,33,40,1181,14.6,0.642,0.504,0.259,0.8,6.2,3.5,17.2,0.9,1.3,15.4,19.5,1.8,-0.1,1.7,0.07,1.4,-2.3,-0.9,0.3,HOU
3,4,Jalen Green,19,32,955,9.1,0.506,0.486,0.273,1.6,10.0,5.9,11.4,0.8,0.5,14.3,23.6,-0.8,0.0,-0.8,-0.042,-2.5,-2.8,-5.3,-0.8,HOU
4,5,Kevin Porter Jr.,21,31,935,10.9,0.491,0.485,0.282,2.7,12.3,7.5,30.0,2.1,0.9,21.3,23.9,-0.9,0.4,-0.5,-0.026,-2.2,-1.6,-3.8,-0.4,HOU
5,6,Kenyon Martin Jr.,21,44,840,15.4,0.579,0.296,0.255,5.9,15.5,10.7,11.4,1.1,2.6,8.7,16.9,1.3,0.3,1.7,0.096,0.5,-0.9,-0.4,0.3,HOU
6,7,Garrison Mathews,25,30,828,12.1,0.623,0.836,0.37,2.0,12.0,7.0,4.6,1.1,1.2,6.4,15.2,1.5,0.2,1.6,0.095,-0.4,-1.7,-2.1,0.0,HOU
7,8,Alperen Şengün,19,39,703,17.5,0.572,0.185,0.523,10.1,17.5,13.8,22.4,2.2,4.3,20.5,22.7,0.7,0.6,1.4,0.092,-0.7,1.1,0.4,0.4,HOU
8,9,Armoni Brooks,23,36,638,10.1,0.511,0.844,0.08,1.9,10.8,6.4,11.5,1.5,1.0,7.2,17.6,0.3,0.1,0.4,0.031,-1.4,-1.8,-3.2,-0.2,HOU
9,10,Josh Christopher,20,39,620,12.5,0.558,0.372,0.229,4.8,9.0,6.9,15.8,2.5,0.9,19.7,20.5,0.0,0.3,0.2,0.018,-1.6,-1.6,-3.2,-0.2,HOU
10,11,Daniel Theis,29,26,584,11.0,0.554,0.441,0.223,6.0,18.1,12.1,5.2,0.9,2.7,13.6,16.5,0.2,0.3,0.4,0.034,-2.3,-1.1,-3.4,-0.2,HOU
11,12,D.J. Augustin,34,33,495,10.7,0.608,0.707,0.286,1.3,7.4,4.4,21.2,1.0,0.0,22.3,16.5,0.4,-0.1,0.3,0.032,-0.8,-3.0,-3.9,-0.2,HOU
12,13,David Nwaba,29,33,469,15.8,0.547,0.248,0.333,6.8,23.0,14.9,8.7,2.2,3.5,8.5,16.0,0.6,0.5,1.0,0.107,-0.5,0.2,-0.3,0.2,HOU
13,14,Danuel House Jr.,28,16,233,7.1,0.467,0.459,0.257,1.9,18.0,10.0,11.7,1.0,2.0,17.9,18.3,-0.3,0.1,-0.2,-0.044,-4.6,-1.0,-5.5,-0.2,HOU
14,15,Usman Garuba,19,15,105,12.3,0.382,0.542,0.083,9.4,25.7,17.6,10.4,3.2,5.3,10.8,11.3,0.0,0.2,0.1,0.06,-1.9,1.6,-0.3,0.0,HOU
15,16,Trevelin Queen,24,8,69,15.6,0.61,0.759,0.103,7.9,14.1,11.0,7.0,3.4,0.0,18.8,22.9,0.0,0.1,0.1,0.05,0.6,-0.8,-0.2,0.0,HOU
16,17,Daishen Nix,19,8,67,17.6,0.704,0.35,0.15,1.6,14.5,8.1,24.4,5.0,0.0,29.7,19.2,0.0,0.1,0.1,0.075,-0.8,2.2,1.4,0.1,HOU
0,1,Shai Gilgeous-Alexander,23,42,1470,19.5,0.533,0.306,0.374,2.0,12.0,6.9,28.9,1.6,2.1,10.2,29.7,1.9,1.4,3.2,0.105,2.3,0.2,2.5,1.7,OKC
1,2,Luguentz Dort,22,43,1384,11.9,0.53,0.538,0.239,2.1,10.6,6.3,8.3,1.3,1.1,9.2,22.5,0.3,1.0,1.3,0.045,-2.0,-1.1,-3.0,-0.4,OKC
2,3,Josh Giddey,19,42,1294,13.1,0.463,0.34,0.107,5.5,19.2,12.2,32.4,1.6,1.3,19.2,21.5,-1.0,1.4,0.4,0.015,-1.4,0.1,-1.3,0.2,OKC
3,4,Darius Bazley,21,42,1080,11.1,0.474,0.414,0.235,4.1,21.1,12.4,6.9,1.4,4.3,12.6,17.8,-1.0,1.5,0.5,0.022,-3.1,0.5,-2.6,-0.2,OKC
4,5,Jeremiah Robinson-Earl,21,43,992,11.1,0.51,0.519,0.145,6.9,18.7,12.7,6.7,1.3,1.3,10.4,14.6,0.3,1.0,1.3,0.065,-2.2,-0.4,-2.6,-0.2,OKC
5,6,Kenrich Williams,27,39,813,13.5,0.531,0.368,0.178,7.0,13.2,10.0,14.5,2.2,0.6,11.2,15.6,0.7,0.8,1.5,0.091,-1.3,0.9,-0.4,0.3,OKC
6,7,Aaron Wiggins,23,29,627,11.5,0.585,0.448,0.276,3.8,12.0,7.9,7.4,1.8,0.9,12.5,14.4,0.5,0.6,1.1,0.081,-3.0,0.4,-2.6,-0.1,OKC
7,8,Ty Jerome,24,38,591,12.2,0.499,0.547,0.155,2.5,7.2,4.8,18.0,2.1,0.6,9.4,21.1,0.1,0.5,0.6,0.046,-1.9,-0.1,-2.0,0.0,OKC
8,9,Tre Mann,20,34,583,9.2,0.489,0.424,0.131,2.1,11.0,6.4,7.2,1.5,1.1,8.3,19.6,-0.3,0.5,0.1,0.012,-3.9,-0.8,-4.7,-0.4,OKC
9,10,Aleksej Pokusevski,20,36,544,8.0,0.414,0.451,0.073,6.0,21.3,13.5,11.4,1.6,2.9,17.4,19.2,-1.2,0.7,-0.5,-0.042,-5.2,0.3,-4.9,-0.4,OKC
10,11,Mike Muscala,30,39,527,21.0,0.642,0.667,0.222,3.0,18.8,10.8,6.6,1.5,4.1,5.0,21.3,1.5,0.7,2.1,0.195,4.5,1.0,5.5,1.0,OKC
11,12,Derrick Favors,30,31,496,13.8,0.51,0.082,0.122,9.0,20.8,14.8,7.7,1.2,1.3,3.7,14.0,0.6,0.5,1.1,0.109,-2.1,-0.2,-2.3,0.0,OKC
12,13,Théo Maledon,20,21,285,5.8,0.428,0.564,0.385,2.8,10.5,6.6,11.1,1.7,0.7,16.5,16.6,-0.4,0.2,-0.2,-0.03,-6.3,-0.1,-6.4,-0.3,OKC
13,14,Isaiah Roby,23,18,246,17.6,0.649,0.262,0.25,8.1,16.4,12.2,9.1,0.8,2.3,13.9,19.0,0.5,0.2,0.7,0.136,0.5,-0.5,0.0,0.1,OKC
14,15,Paul Watson,27,9,156,5.9,0.432,0.743,0.057,1.9,15.9,8.8,7.4,0.9,1.8,10.0,11.1,-0.1,0.1,0.0,0.009,-4.8,-0.8,-5.6,-0.1,OKC
15,16,Mamadi Diakite,25,7,82,8.8,0.479,0.0,0.1,8.5,21.4,14.9,0.0,1.8,3.4,12.6,12.6,0.0,0.1,0.1,0.046,-6.8,0.3,-6.5,-0.1,OKC
16,17,Gabriel Deck,26,7,56,12.0,0.643,0.286,0.0,1.8,9.2,5.4,14.2,0.9,0.0,12.5,12.4,0.1,0.0,0.1,0.09,-1.2,-1.5,-2.7,0.0,OKC
17,18,Scotty Hopson,32,1,18,0.3,0.5,0.25,0.0,0.0,5.7,2.8,8.4,0.0,0.0,33.3,14.4,0.0,0.0,0.0,-0.126,-8.5,-3.1,-11.6,0.0,OKC
18,19,Olivier Sarr,22,2,14,15.0,0.515,0.333,0.667,0.0,36.9,18.1,0.0,0.0,13.5,0.0,12.0,0.0,0.0,0.0,0.145,-3.1,3.0,-0.1,0.0,OKC
19,20,Rob Edwards,25,2,11,-0.7,0.375,1.0,0.0,0.0,28.2,13.8,0.0,0.0,0.0,20.0,19.7,0.0,0.0,0.0,-0.173,-8.1,-3.2,-11.3,0.0,OKC
20,21,Vit Krejci,21,3,9,-0.9,0.347,1.0,1.0,0.0,34.5,16.9,0.0,0.0,0.0,25.8,18.6,0.0,0.0,0.0,-0.171,-11.9,-2.1,-13.9,0.0,OKC
21,22,Jaylen Hoard,22,1,2,5.9,0.0,0.0,0.0,49.8,51.7,50.7,0.0,0.0,0.0,0.0,21.6,0.0,0.0,0.0,-0.208,-3.4,-9.6,-13.0,0.0,OKC
